KeyBase,Jenis RM,Jenis Analisa,Parameter,Std_mentah_2026,Kriteria,Nilai_std,Satuan,Std_tipe,Std_min,Std_max,m_num,M_num,Catatan
bs-bsrp|cemaran logam|as,BS-BSRP,Cemaran Logam,As,"Maks. 0,15 ppm",Maks.,0.15,ppm,Maks,,0.15,,,
bs-bsrp|cemaran logam|cd,BS-BSRP,Cemaran Logam,Cd,"Maks. 0,50 ppm",Maks.,0.50,ppm,Maks,,0.5,,,
bs-bsrp|cemaran logam|hg,BS-BSRP,Cemaran Logam,Hg,"Maks. 0,05 ppm",Maks.,0.05,ppm,Maks,,0.05,,,
bs-bsrp|cemaran logam|pb,BS-BSRP,Cemaran Logam,Pb,"Maks. 1,0 ppm",Maks.,1.0,ppm,Maks,,1,,,
bs-bsrp|cemaran logam|sn,BS-BSRP,Cemaran Logam,Sn,Maks. 40 ppm,Maks.,40,ppm,Maks,,40,,,
bs-bsrp|mikrobiologi|alt,BS-BSRP,Mikrobiologi,ALT,"m = 1,0 x 104 kol/g,",m =,1.0 x 10^4,kol/g,m,,,10000,,
bs-bsrp|mikrobiologi|bacillus cereus,BS-BSRP,Mikrobiologi,Bacillus cereus,"m = 104 kol/g,",m =,104,kol/g,m,,,10000,,
bs-bsrp|mikrobiologi|clostridium perfringens,BS-BSRP,Mikrobiologi,Clostridium perfringens,"m = 103 kol/g,",m =,103,kol/g,m,,,1000,,
bs-bsrp|mikrobiologi|e coli,BS-BSRP,Mikrobiologi,E Coli,"m = negatif/ g,",,,"m = negatif/ g,",Kualitatif,,,,,
bs-bsrp|mikrobiologi|enterobacteriaceae,BS-BSRP,Mikrobiologi,Enterobacteriaceae,"m = 1,0 x 102 kol/g,",m =,1.0 x 10^2,kol/g,m,,,100,,
bs-bsrp|mikrobiologi|kapang & khamir,BS-BSRP,Mikrobiologi,Kapang & Khamir,"m = 1,0 x 102 kol/g,",m =,1.0 x 10^2,kol/g,m,,,100,,
bs-bsrp|mikrobiologi|salmonella,BS-BSRP,Mikrobiologi,Salmonella,"m = negatif/ 25 g,",m = negatif/,25,g,m,,,25,,
bs-ihkr|cemaran logam|as,BS-IHKR,Cemaran Logam,As,"Maks. 0,15 ppm",Maks.,0.15,ppm,Maks,,0.15,,,
bs-ihkr|cemaran logam|cd,BS-IHKR,Cemaran Logam,Cd,"Maks. 0,50 ppm",Maks.,0.50,ppm,Maks,,0.5,,,
bs-ihkr|cemaran logam|hg,BS-IHKR,Cemaran Logam,Hg,"Maks. 0,05 ppm",Maks.,0.05,ppm,Maks,,0.05,,,
bs-ihkr|cemaran logam|pb,BS-IHKR,Cemaran Logam,Pb,"Maks. 1,0 ppm",Maks.,1.0,ppm,Maks,,1,,,
bs-ihkr|cemaran logam|sn,BS-IHKR,Cemaran Logam,Sn,Maks. 40 ppm,Maks.,40,ppm,Maks,,40,,,
bs-ihkr|mikrobiologi|alt,BS-IHKR,Mikrobiologi,ALT,m = 3.0 x 105 kol/g,m =,3.0 x 10^5,kol/g,m,,,300000,,
bs-ihkr|mikrobiologi|bacillus cereus,BS-IHKR,Mikrobiologi,Bacillus cereus,m = 1.0 x 104 kol/g,m =,1.0 x 10^4,kol/g,m,,,10000,,
bs-ihkr|mikrobiologi|clostridium perfringens,BS-IHKR,Mikrobiologi,Clostridium perfringens,m = 1.0 x 103 kol/g,m =,1.0 x 10^3,kol/g,m,,,1000,,
bs-ihkr|mikrobiologi|e. coli,BS-IHKR,Mikrobiologi,E. coli,m = negatif/ g,,,m = negatif/ g,Kualitatif,,,,,
bs-ihkr|mikrobiologi|enterobacteriaceae,BS-IHKR,Mikrobiologi,Enterobacteriaceae,m = 2.0 x 103 kol/g,m =,2.0 x 10^3,kol/g,m,,,2000,,
bs-ihkr|mikrobiologi|kapang & khamir,BS-IHKR,Mikrobiologi,Kapang & Khamir,m = 4.0 x 103 kol/g,m =,4.0 x 10^3,kol/g,m,,,4000,,
bs-ihkr|mikrobiologi|salmonella,BS-IHKR,Mikrobiologi,Salmonella,m = negatif/ 25 g,m = negatif/,25,g,m,,,25,,
bsag|cemaran logam|as,BSAG,Cemaran Logam,As,"Maks. 0,15 ppm",Maks.,0.15,ppm,Maks,,0.15,,,
bsag|cemaran logam|cd,BSAG,Cemaran Logam,Cd,"Maks. 0,50 ppm",Maks.,0.50,ppm,Maks,,0.5,,,
bsag|cemaran logam|hg,BSAG,Cemaran Logam,Hg,"Maks. 0,05 ppm",Maks.,0.05,ppm,Maks,,0.05,,,
bsag|cemaran logam|pb,BSAG,Cemaran Logam,Pb,"Maks. 1,0 ppm",Maks.,1.0,ppm,Maks,,1,,,
bsag|cemaran logam|sn,BSAG,Cemaran Logam,Sn,Maks. 40 ppm,Maks.,40,ppm,Maks,,40,,,
bsag|mikrobiologi|alt,BSAG,Mikrobiologi,ALT,m = 105 kol/g,m =,105,kol/g,m,,,100000,,
bsag|mikrobiologi|bacillus cereus,BSAG,Mikrobiologi,Bacillus cereus,m = 104 kol/g,m =,104,kol/g,m,,,10000,,
bsag|mikrobiologi|clostridium perfringens,BSAG,Mikrobiologi,Clostridium perfringens,m = 103 kol/g,m =,103,kol/g,m,,,1000,,
bsag|mikrobiologi|e. coli,BSAG,Mikrobiologi,E. coli,m = negatif/ g,,,m = negatif/ g,Kualitatif,,,,,
bsag|mikrobiologi|enterobacteriaceae,BSAG,Mikrobiologi,Enterobacteriaceae,m = 103 kol/g,m =,103,kol/g,m,,,1000,,
bsag|mikrobiologi|kapang & khamir,BSAG,Mikrobiologi,Kapang & Khamir,m = 103 kol/g,m =,103,kol/g,m,,,1000,,
bsag|mikrobiologi|salmonella,BSAG,Mikrobiologi,Salmonella,m = negatif/ 25 g,m = negatif/,25,g,m,,,25,,
bskb|cemaran logam|as,BSKB,Cemaran Logam,As,"Maks. 0,15 ppm",Maks.,0.15,ppm,Maks,,0.15,,,
bskb|cemaran logam|cd,BSKB,Cemaran Logam,Cd,"Maks. 0,50 ppm",Maks.,0.50,ppm,Maks,,0.5,,,
bskb|cemaran logam|hg,BSKB,Cemaran Logam,Hg,"Maks. 0,05 ppm",Maks.,0.05,ppm,Maks,,0.05,,,
bskb|cemaran logam|pb,BSKB,Cemaran Logam,Pb,"Maks. 1,0 ppm",Maks.,1.0,ppm,Maks,,1,,,
bskb|cemaran logam|sn,BSKB,Cemaran Logam,Sn,Maks. 40 ppm,Maks.,40,ppm,Maks,,40,,,
bskb|mikrobiologi|alt,BSKB,Mikrobiologi,ALT,m = 105 kol/g,m =,105,kol/g,m,,,100000,,
bskb|mikrobiologi|bacillus cereus,BSKB,Mikrobiologi,Bacillus cereus,m = 104 kol/g,m =,104,kol/g,m,,,10000,,
bskb|mikrobiologi|clostridium perfringens,BSKB,Mikrobiologi,Clostridium perfringens,m = 103 kol/g,m =,103,kol/g,m,,,1000,,
bskb|mikrobiologi|e. coli,BSKB,Mikrobiologi,E. coli,m = negatif/ g,,,m = negatif/ g,Kualitatif,,,,,
bskb|mikrobiologi|enterobacteriaceae,BSKB,Mikrobiologi,Enterobacteriaceae,m = 103 kol/g,m =,103,kol/g,m,,,1000,,
bskb|mikrobiologi|kapang & khamir,BSKB,Mikrobiologi,Kapang & Khamir,m = 103 kol/g,m =,103,kol/g,m,,,1000,,
bskb|mikrobiologi|salmonella,BSKB,Mikrobiologi,Salmonella,m = negatif/ 25 g,m = negatif/,25,g,m,,,25,,
cakra kembar orange|cemaran logam|as,Cakra Kembar Orange,Cemaran Logam,As,"Maks.  0,5  ppm",Maks.,0.5,ppm,Maks,,0.5,,,
cakra kembar orange|cemaran logam|cd,Cakra Kembar Orange,Cemaran Logam,Cd,"Maks.  0,1  ppm",Maks.,0.1,ppm,Maks,,0.1,,,
cakra kembar orange|cemaran logam|hg,Cakra Kembar Orange,Cemaran Logam,Hg,"Maks.  0,05  ppm",Maks.,0.05,ppm,Maks,,0.05,,,
cakra kembar orange|cemaran logam|pb,Cakra Kembar Orange,Cemaran Logam,Pb,Maks.  1  ppm,Maks.,1,ppm,Maks,,1,,,
cakra kembar orange|cemaran logam|sn,Cakra Kembar Orange,Cemaran Logam,Sn,Maks.  40  ppm,Maks.,40,ppm,Maks,,40,,,
cakra kembar orange|karakteristik adonan|falling number,Cakra Kembar Orange,Karakteristik Adonan,Falling  number,Min.  300 detik,Min.,300,detik,Min,300,,,,
cakra kembar orange|karakteristik adonan|kadar gluten ( metode glutomatik ),Cakra Kembar Orange,Karakteristik Adonan,Kadar Gluten ( Metode Glutomatik ),,,,,NA,,,,,
cakra kembar orange|karakteristik adonan|kestabilan,Cakra Kembar Orange,Karakteristik Adonan,Kestabilan,Min.  10 menit,Min.,10,menit,Min,10,,,,
cakra kembar orange|karakteristik adonan|water absorption,Cakra Kembar Orange,Karakteristik Adonan,Water  Absorption,Min.  60 %,Min.,60,%,Min,60,,,,
cakra kembar orange|kimia|deoksivalenol,Cakra Kembar Orange,Kimia,Deoksivalenol,Maks.  1000 ppb,Maks.,1000,ppb,Maks,,1000,,,
cakra kembar orange|kimia|ethylene oxide,Cakra Kembar Orange,Kimia,Ethylene Oxide,"Maks.  0,01 ppm",Maks.,0.01,ppm,Maks,,0.01,,,
cakra kembar orange|kimia|ethylene oxide / jumlah total ethylene oxide,Cakra Kembar Orange,Kimia,Ethylene Oxide / Jumlah Total Ethylene Oxide,"Maks.  0,02 ppm",Maks.,0.02,ppm,Maks,,0.02,,,
cakra kembar orange|kimia|fe,Cakra Kembar Orange,Kimia,Fe,Min.  50 ppm,Min.,50,ppm,Min,50,,,,
cakra kembar orange|kimia|folic acid,Cakra Kembar Orange,Kimia,Folic  Acid,Min.  2 ppm,Min.,2,ppm,Min,2,,,,
cakra kembar orange|kimia|kadar protein (db),Cakra Kembar Orange,Kimia,Kadar  Protein (db),"Min.  13,0 %",Min.,13.0,%,Min,13,,,,
cakra kembar orange|kimia|keasamanan,Cakra Kembar Orange,Kimia,Keasamanan,Maks.  50 mg KOH / 100 g,Maks.,50,mg KOH / 100 g,Maks,,50,,,
cakra kembar orange|kimia|okratoksin a,Cakra Kembar Orange,Kimia,Okratoksin A,Maks.  5 ppb,Maks.,5,ppb,Maks,,5,,,
cakra kembar orange|kimia|permentan 53/2018 (gandum),Cakra Kembar Orange,Kimia,Permentan 53/2018 (gandum),,,,,NA,,,,,
cakra kembar orange|kimia|residu pestisida :,Cakra Kembar Orange,Kimia,Residu  pestisida :,,,,,NA,,,,,
cakra kembar orange|kimia|vit b1,Cakra Kembar Orange,Kimia,Vit  B1,Min.  2.5 ppm,Min.,2.5,ppm,Min,2.5,,,,
cakra kembar orange|kimia|vit b2,Cakra Kembar Orange,Kimia,Vit  B2,"4,0 - 7,0 ppm",,4.0 - 7.0,ppm,Range,4,7,,,
cakra kembar orange|kimia|vit b3,Cakra Kembar Orange,Kimia,Vit  B3,"42,4 - 92,8 ppm",,42.4 - 92.8,ppm,Range,42.4,92.8,,,
cakra kembar orange|kimia|zn,Cakra Kembar Orange,Kimia,Zn,Min.  30 ppm,Min.,30,ppm,Min,30,,,,
cakra kembar orange|mikrobiologi|alt,Cakra Kembar Orange,Mikrobiologi,ALT,m = 105  kol/g,m =,105,kol/g,m,,,100000,,
cakra kembar orange|mikrobiologi|bacillus cereus,Cakra Kembar Orange,Mikrobiologi,Bacillus  cereus,m = 103  kol/g,m =,103,kol/g,m,,,1000,,
cakra kembar orange|mikrobiologi|escherichia coli,Cakra Kembar Orange,Mikrobiologi,Escherichia coli,m = 7.4  APM/g,m =,7.4,APM/g,m,,,7.4,,
cakra kembar orange|mikrobiologi|kapang & khamir,Cakra Kembar Orange,Mikrobiologi,Kapang & Khamir,m = 103  kol/g,m =,103,kol/g,m,,,1000,,
cakra kembar orange|mikrobiologi|salmonella,Cakra Kembar Orange,Mikrobiologi,Salmonella,m = negatif/25g,m = negatif/,25,g,m,,,25,,
cakra kembar|cemaran logam|as,Cakra Kembar,Cemaran Logam,As,"Maks.  0,5  ppm",Maks.,0.5,ppm,Maks,,0.5,,,
cakra kembar|cemaran logam|cd,Cakra Kembar,Cemaran Logam,Cd,"Maks.  0,1  ppm",Maks.,0.1,ppm,Maks,,0.1,,,
cakra kembar|cemaran logam|hg,Cakra Kembar,Cemaran Logam,Hg,"Maks.  0,05  ppm",Maks.,0.05,ppm,Maks,,0.05,,,
cakra kembar|cemaran logam|pb,Cakra Kembar,Cemaran Logam,Pb,Maks.  1  ppm,Maks.,1,ppm,Maks,,1,,,
cakra kembar|cemaran logam|sn,Cakra Kembar,Cemaran Logam,Sn,Maks.  40  ppm,Maks.,40,ppm,Maks,,40,,,
cakra kembar|fisik|ukuran partikel size,Cakra Kembar,Fisik,Ukuran Partikel size,Min.  95 %  lolos  ( w/w ),Min.,95,% lolos ( w/w ),Min,95,,,,
cakra kembar|karakteristik adonan|falling number,Cakra Kembar,Karakteristik Adonan,Falling  number,Min.  300 detik,Min.,300,detik,Min,300,,,,
cakra kembar|karakteristik adonan|kadar gluten ( metode glutomatik ),Cakra Kembar,Karakteristik Adonan,Kadar Gluten ( Metode Glutomatik ),,,,,NA,,,,,
cakra kembar|karakteristik adonan|kestabilan,Cakra Kembar,Karakteristik Adonan,Kestabilan,Min.  10 menit,Min.,10,menit,Min,10,,,,
cakra kembar|karakteristik adonan|water absorption,Cakra Kembar,Karakteristik Adonan,Water  Absorption,Min.  60 %,Min.,60,%,Min,60,,,,
cakra kembar|kimia|deoksivalenol,Cakra Kembar,Kimia,Deoksivalenol,Maks.  1000 ppb,Maks.,1000,ppb,Maks,,1000,,,
cakra kembar|kimia|ethylene oxide,Cakra Kembar,Kimia,Ethylene Oxide,"Maks.  0,01 ppm",Maks.,0.01,ppm,Maks,,0.01,,,
cakra kembar|kimia|ethylene oxide / jumlah total ethylene oxide,Cakra Kembar,Kimia,Ethylene Oxide / Jumlah Total Ethylene Oxide,"Maks.  0,02 ppm",Maks.,0.02,ppm,Maks,,0.02,,,
cakra kembar|kimia|fe,Cakra Kembar,Kimia,Fe,Min.  50 ppm,Min.,50,ppm,Min,50,,,,
cakra kembar|kimia|folic acid,Cakra Kembar,Kimia,Folic  Acid,Min.  2 ppm,Min.,2,ppm,Min,2,,,,
cakra kembar|kimia|kadar protein (db),Cakra Kembar,Kimia,Kadar  Protein (db),"Min.  13,0 %",Min.,13.0,%,Min,13,,,,
cakra kembar|kimia|keasamanan,Cakra Kembar,Kimia,Keasamanan,Maks.  50 mg KOH / 100 g,Maks.,50,mg KOH / 100 g,Maks,,50,,,
cakra kembar|kimia|okratoksin a,Cakra Kembar,Kimia,Okratoksin A,Maks.  5 ppb,Maks.,5,ppb,Maks,,5,,,
cakra kembar|kimia|permentan 53/2018 (gandum),Cakra Kembar,Kimia,Permentan 53/2018 (gandum),,,,,NA,,,,,
cakra kembar|kimia|residu pestisida :,Cakra Kembar,Kimia,Residu  pestisida :,,,,,NA,,,,,
cakra kembar|kimia|vit b1,Cakra Kembar,Kimia,Vit  B1,Min.  2.5 ppm,Min.,2.5,ppm,Min,2.5,,,,
cakra kembar|kimia|vit b2,Cakra Kembar,Kimia,Vit  B2,Min.  4 ppm,Min.,4,ppm,Min,4,,,,
cakra kembar|kimia|vit b3,Cakra Kembar,Kimia,Vit  B3,,,,,NA,,,,,
cakra kembar|kimia|zn,Cakra Kembar,Kimia,Zn,Min.  30 ppm,Min.,30,ppm,Min,30,,,,
cakra kembar|mikrobiologi|alt,Cakra Kembar,Mikrobiologi,ALT,m = 105  kol/g,m =,105,kol/g,m,,,100000,,
cakra kembar|mikrobiologi|bacillus cereus,Cakra Kembar,Mikrobiologi,Bacillus  cereus,m = 103  kol/g,m =,103,kol/g,m,,,1000,,
cakra kembar|mikrobiologi|escherichia coli,Cakra Kembar,Mikrobiologi,Escherichia coli,m = 7.4  APM/g,m =,7.4,APM/g,m,,,7.4,,
cakra kembar|mikrobiologi|kapang & khamir,Cakra Kembar,Mikrobiologi,Kapang & Khamir,m = 103  kol/g,m =,103,kol/g,m,,,1000,,
cakra kembar|mikrobiologi|salmonella,Cakra Kembar,Mikrobiologi,Salmonella,m = negatif/25g,m = negatif/,25,g,m,,,25,,
d 205640|cemaran logam|as,D 205640,Cemaran Logam,As,"Maks. 0,15 ppm",Maks.,0.15,ppm,Maks,,0.15,,,
d 205640|cemaran logam|cd,D 205640,Cemaran Logam,Cd,"Maks. 0,50 ppm",Maks.,0.50,ppm,Maks,,0.5,,,
d 205640|cemaran logam|hg,D 205640,Cemaran Logam,Hg,"Maks. 0,05 ppm",Maks.,0.05,ppm,Maks,,0.05,,,
d 205640|cemaran logam|pb,D 205640,Cemaran Logam,Pb,"Maks. 1,0 ppm",Maks.,1.0,ppm,Maks,,1,,,
d 205640|cemaran logam|sn,D 205640,Cemaran Logam,Sn,Maks. 40 ppm,Maks.,40,ppm,Maks,,40,,,
d 205640|kimia|aflatoksin (b1),D 205640,Kimia,Aflatoksin (B1),Maks.  15 ppb,Maks.,15,ppb,Maks,,15,,,
d 205640|kimia|aflatoksin (total),D 205640,Kimia,Aflatoksin (Total),Maks.  20 ppb,Maks.,20,ppb,Maks,,20,,,
d 205640|kimia|ethylene oxide,D 205640,Kimia,Ethylene Oxide,"Maks. 0,01 ppm",Maks.,0.01,ppm,Maks,,0.01,,,
d 205640|kimia|residu pestisida,D 205640,Kimia,Residu Pestisida,PERMENTAN 53/2018 - Daun bawang,,,PERMENTAN 53/2018 - Daun bawang,Cek,,,,,
d 205640|kimia|total ethylene oxide = eto + (0.55*2-ce) oxide,D 205640,Kimia,Total Ethylene Oxide = EtO + (0.55*2-CE) Oxide,"Maks. 0,02 ppm",Maks.,0.02,ppm,Maks,,0.02,,,
d 205640|mikrobiologi|alt,D 205640,Mikrobiologi,ALT,"m = 105 kol/g,",m =,105,kol/g,m,,,100000,,
d 205640|mikrobiologi|bacillus cereus,D 205640,Mikrobiologi,Bacillus cereus,"m = 104 kol/g,",m =,104,kol/g,m,,,10000,,
d 205640|mikrobiologi|clostridium perfringens,D 205640,Mikrobiologi,Clostridium perfringens,"m = 103 kol/g,",m =,103,kol/g,m,,,1000,,
d 205640|mikrobiologi|e coli,D 205640,Mikrobiologi,E Coli,"m = negatif/ g,",,,"m = negatif/ g,",Kualitatif,,,,,
d 205640|mikrobiologi|enterobacteriaceae,D 205640,Mikrobiologi,Enterobacteriaceae,"m = 103 kol/g,",m =,103,kol/g,m,,,1000,,
d 205640|mikrobiologi|kapang & khamir,D 205640,Mikrobiologi,Kapang & Khamir,"m = 103 kol/g,",m =,103,kol/g,m,,,1000,,
d 205640|mikrobiologi|salmonella,D 205640,Mikrobiologi,Salmonella,"m = negatif/ 25 g,",m = negatif/,25,g,m,,,25,,
d 502420|cemaran logam|as,D 502420,Cemaran Logam,As,"Maks. 0,15 ppm",Maks.,0.15,ppm,Maks,,0.15,,,
d 502420|cemaran logam|cd,D 502420,Cemaran Logam,Cd,"Maks. 0,50 ppm",Maks.,0.50,ppm,Maks,,0.5,,,
d 502420|cemaran logam|hg,D 502420,Cemaran Logam,Hg,"Maks. 0,05 ppm",Maks.,0.05,ppm,Maks,,0.05,,,
d 502420|cemaran logam|pb,D 502420,Cemaran Logam,Pb,"Maks. 1,0 ppm",Maks.,1.0,ppm,Maks,,1,,,
d 502420|cemaran logam|sn,D 502420,Cemaran Logam,Sn,Maks. 40 ppm,Maks.,40,ppm,Maks,,40,,,
d 502420|kimia|aflatoksin (b1),D 502420,Kimia,Aflatoksin (B1),Maks.  15 ppb,Maks.,15,ppb,Maks,,15,,,
d 502420|kimia|aflatoksin (total),D 502420,Kimia,Aflatoksin (Total),Maks.  20 ppb,Maks.,20,ppb,Maks,,20,,,
d 502420|kimia|ethylene oxide,D 502420,Kimia,Ethylene Oxide,"Maks. 0,01 ppm",Maks.,0.01,ppm,Maks,,0.01,,,
d 502420|kimia|residu pestisida,D 502420,Kimia,Residu Pestisida,PERMENTAN 53/2018 - Daun bawang,,,PERMENTAN 53/2018 - Daun bawang,Cek,,,,,
d 502420|kimia|total ethylene oxide = eto + (0.55*2-ce) oxide,D 502420,Kimia,Total Ethylene Oxide = EtO + (0.55*2-CE) Oxide,"Maks. 0,02 ppm",Maks.,0.02,ppm,Maks,,0.02,,,
d 502420|mikrobiologi|alt,D 502420,Mikrobiologi,ALT,"m = 105 kol/g,",m =,105,kol/g,m,,,100000,,
d 502420|mikrobiologi|bacillus cereus,D 502420,Mikrobiologi,Bacillus cereus,"m = 104 kol/g,",m =,104,kol/g,m,,,10000,,
d 502420|mikrobiologi|clostridium perfringens,D 502420,Mikrobiologi,Clostridium perfringens,"m = 103 kol/g,",m =,103,kol/g,m,,,1000,,
d 502420|mikrobiologi|e coli,D 502420,Mikrobiologi,E Coli,"m = negatif/ g,",,,"m = negatif/ g,",Kualitatif,,,,,
d 502420|mikrobiologi|enterobacteriaceae,D 502420,Mikrobiologi,Enterobacteriaceae,"m = 103 kol/g,",m =,103,kol/g,m,,,1000,,
d 502420|mikrobiologi|kapang & khamir,D 502420,Mikrobiologi,Kapang & Khamir,"m = 103 kol/g,",m =,103,kol/g,m,,,1000,,
d 502420|mikrobiologi|salmonella,D 502420,Mikrobiologi,Salmonella,"m = negatif/ 25 g,",m = negatif/,25,g,m,,,25,,
e 031|cemaran logam|as,E 031,Cemaran Logam,As,Maks. 3 ppm,Maks.,3,ppm,Maks,,3,,,
e 031|cemaran logam|cd,E 031,Cemaran Logam,Cd,Maks. 2 ppm,Maks.,2,ppm,Maks,,2,,,
e 031|cemaran logam|hg,E 031,Cemaran Logam,Hg,Maks. 1 ppm,Maks.,1,ppm,Maks,,1,,,
e 031|cemaran logam|pb,E 031,Cemaran Logam,Pb,Maks. 5 ppm,Maks.,5,ppm,Maks,,5,,,
e 031|kimia|etilen glikol & dietilen glikol,E 031,Kimia,Etilen glikol & Dietilen glikol,,,,,NA,,,,,
e 031|mikrobiologi|alt,E 031,Mikrobiologi,ALT,Maks 1.0 x 104 kol/ gram,Maks,1.0 x 10^4,kol/ gram,m,,,10000,,
e 031|mikrobiologi|coliform,E 031,Mikrobiologi,Coliform,Maks 1.0 x 101 kol/gram,Maks,1.0 x 10^1,kol/gram,m,,,10,,
e 031|mikrobiologi|e. coli,E 031,Mikrobiologi,E. coli,Negatif/ g,,,Negatif/ g,Kualitatif,,,,,
e 031|mikrobiologi|kapang dan khamir,E 031,Mikrobiologi,Kapang dan Khamir,Maks 5 x 102 kol/ gram,Maks,5 x 10^2,kol/ gram,m,,,500,,
e 031|mikrobiologi|salmonella,E 031,Mikrobiologi,Salmonella,Negatif/ 25 g,Negatif/,25,g,m,,,25,,
grsb|cemaran logam|as,GRSB,Cemaran Logam,As,"Maks.  0,10  ppm",Maks.,0.10,ppm,Maks,,0.1,,,
grsb|cemaran logam|cd,GRSB,Cemaran Logam,Cd,"Maks.  0,05  ppm",Maks.,0.05,ppm,Maks,,0.05,,,
grsb|cemaran logam|hg,GRSB,Cemaran Logam,Hg,"Maks.  0,03  ppm",Maks.,0.03,ppm,Maks,,0.03,,,
grsb|cemaran logam|pb,GRSB,Cemaran Logam,Pb,"Maks.  0,25  ppm",Maks.,0.25,ppm,Maks,,0.25,,,
grsb|cemaran logam|sn,GRSB,Cemaran Logam,Sn,Maks.  40  ppm,Maks.,40,ppm,Maks,,40,,,
grsb|kimia|aflatoksin total,GRSB,Kimia,Aflatoksin total,Maks. 15 ppb,Maks.,15,ppb,Maks,,15,,,
grsb|kimia|okratoksin a,GRSB,Kimia,Okratoksin A,Maks. 5 ppb,Maks.,5,ppb,Maks,,5,,,
grsb|kimia|protein,GRSB,Kimia,Protein,Min. 30 %,Min.,30,%,Min,30,,,,
grsb|mikrobiologi|alt,GRSB,Mikrobiologi,ALT,m = 105 kol/g,m =,105,kol/g,m,,,100000,,
grsb|mikrobiologi|bacillus cereus,GRSB,Mikrobiologi,Bacillus cereus,m = 103 kol/g,m =,103,kol/g,m,,,1000,,
grsb|mikrobiologi|e. coli,GRSB,Mikrobiologi,E. coli,m = 7.4 APM/g,m =,7.4,APM/g,m,,,7.4,,
grsb|mikrobiologi|kapang & khamir,GRSB,Mikrobiologi,Kapang & Khamir,m = 103 kol/g,m =,103,kol/g,m,,,1000,,
grsb|mikrobiologi|salmonella,GRSB,Mikrobiologi,Salmonella,m = Negatif/25 g,m = Negatif/,25,g,m,,,25,,
kecap asin (ikaj)|cemaran logam|as,KECAP  ASIN  (IKAJ),Cemaran Logam,As,"Maks. 0,15 ppm",Maks.,0.15,ppm,Maks,,0.15,,,
kecap asin (ikaj)|cemaran logam|cd,KECAP  ASIN  (IKAJ),Cemaran Logam,Cd,"Maks. 0,5 ppm",Maks.,0.5,ppm,Maks,,0.5,,,
kecap asin (ikaj)|cemaran logam|hg,KECAP  ASIN  (IKAJ),Cemaran Logam,Hg,"Maks. 0,05 ppm",Maks.,0.05,ppm,Maks,,0.05,,,
kecap asin (ikaj)|cemaran logam|pb,KECAP  ASIN  (IKAJ),Cemaran Logam,Pb,"Maks. 1,0 ppm",Maks.,1.0,ppm,Maks,,1,,,
kecap asin (ikaj)|cemaran logam|sn,KECAP  ASIN  (IKAJ),Cemaran Logam,Sn,Maks. 40 ppm,Maks.,40,ppm,Maks,,40,,,
kecap asin (ikaj)|kimia|3-mcpd,KECAP  ASIN  (IKAJ),Kimia,3-MCPD,Maks. 20 ppb,Maks.,20,ppb,Maks,,20,,,
kecap asin (ikaj)|kimia|aflatoksin total,KECAP  ASIN  (IKAJ),Kimia,Aflatoksin total,Maks. 10 ppb,Maks.,10,ppb,Maks,,10,,,
kecap asin (ikaj)|kimia|derajat brix,KECAP  ASIN  (IKAJ),Kimia,Derajat  Brix,"30,0 - 40,0",,30.0 - 40.0,,Range,30,40,,,
kecap asin (ikaj)|kimia|kadar protein (n x 6.25),KECAP  ASIN  (IKAJ),Kimia,Kadar  Protein  (N x 6.25),"Min. 4,0% (wb)",Min.,4.0,% (wb),Min,4,,,,
kecap asin (ikaj)|kimia|metil parahidroksi benzoat,KECAP  ASIN  (IKAJ),Kimia,Metil parahidroksi benzoat,Maks. 250 ppm,Maks.,250,ppm,Maks,,250,,,
kecap asin (ikaj)|kimia|natrium benzoat,KECAP  ASIN  (IKAJ),Kimia,Natrium  Benzoat,Maks. 600 ppm,Maks.,600,ppm,Maks,,600,,,
kecap asin (ikaj)|mikrobiologi|alt,KECAP  ASIN  (IKAJ),Mikrobiologi,ALT,m = 104 kol/g,m =,104,kol/g,m,,,10000,,
kecap asin (ikaj)|mikrobiologi|enterobacteriaceae,KECAP  ASIN  (IKAJ),Mikrobiologi,Enterobacteriaceae,m = 102 kol/g,m =,102,kol/g,m,,,100,,
l 164420|cemaran logam|as,L 164420,Cemaran Logam,As,Maks.  4  ppm,Maks.,4,ppm,Maks,,4,,,
l 164420|cemaran logam|pb,L 164420,Cemaran Logam,Pb,Maks.  10  ppm,Maks.,10,ppm,Maks,,10,,,
l 164420|kimia|ethylene oxide,L 164420,Kimia,Ethylene Oxide,"Maks. 0,01 ppm",Maks.,0.01,ppm,Maks,,0.01,,,
l 164420|kimia|etilen glikol & dietilene glikol,L 164420,Kimia,Etilen Glikol & Dietilene Glikol,,,,,NA,,,,,
l 164420|kimia|total etillena oksida (etilena oksida + 2-ce sebagai etilena oksida),L 164420,Kimia,Total Etillena Oksida (etilena oksida + 2-CE sebagai etilena oksida),"Maks. 0,02 ppm",Maks.,0.02,ppm,Maks,,0.02,,,
l 164420|mikrobiologi|bacillus cereus,L 164420,Mikrobiologi,Bacillus cereus,Maks.  1 x 104  kol/g,Maks.,1 x 10^4,kol/g,m,,,10000,,
l 164420|mikrobiologi|clostridium perfringens,L 164420,Mikrobiologi,Clostridium perfringens,Maks.  1 x 103  kol/g,Maks.,1 x 10^3,kol/g,m,,,1000,,
l 164420|mikrobiologi|coliform,L 164420,Mikrobiologi,Coliform,Maks.  1 x 102  kol/g,Maks.,1 x 10^2,kol/g,m,,,100,,
l 164420|mikrobiologi|e. coli,L 164420,Mikrobiologi,E. coli,Negatif,,,Negatif,Kualitatif,,,,,
l 164420|mikrobiologi|salmonella sp,L 164420,Mikrobiologi,Salmonella sp,Negatif / 25 g,Negatif /,25,g,m,,,25,,
l 164420|mikrobiologi|tpc,L 164420,Mikrobiologi,TPC,Maks.  1 x 104  kol/g,Maks.,1 x 10^4,kol/g,m,,,10000,,
l 164420|mikrobiologi|yeast & mould,L 164420,Mikrobiologi,Yeast & Mould,Maks.  1 x 102  kol/g,Maks.,1 x 10^2,kol/g,m,,,100,,
l 325392|cemaran logam|as,L 325392,Cemaran Logam,As,Maks. 3 ppm,Maks.,3,ppm,Maks,,3,,,
l 325392|cemaran logam|cd,L 325392,Cemaran Logam,Cd,Maks. 1 ppm,Maks.,1,ppm,Maks,,1,,,
l 325392|cemaran logam|hg,L 325392,Cemaran Logam,Hg,Maks. 1 ppm,Maks.,1,ppm,Maks,,1,,,
l 325392|cemaran logam|pb,L 325392,Cemaran Logam,Pb,Maks. 2 ppm,Maks.,2,ppm,Maks,,2,,,
l 325392|kimia|(3-mcpd),L 325392,Kimia,(3-MCPD),,,,,NA,,,,,
l 325392|kimia|3-monochloro-propane-1.2-diol,L 325392,Kimia,3-monochloro-propane-1.2-diol,"Maks. 0,1 mg/kg",Maks.,0.1,mg/kg,Maks,,0.1,,,
l 325392|kimia|abu sulfat,L 325392,Kimia,Abu Sulfat,"Maks. 0,01 %",Maks.,0.01,%,Maks,,0.01,,,
l 325392|kimia|ethylene oxide,L 325392,Kimia,Ethylene Oxide,"Maks. 0,01 ppm",Maks.,0.01,ppm,Maks,,0.01,,,
l 325392|kimia|etilen glikol & dietilen glikol,L 325392,Kimia,Etilen glikol & Dietilen glikol,"Maks. 0,025%",Maks.,0.025,%,Maks,,0.025,,,
l 325392|kimia|residu pemijaran,L 325392,Kimia,Residu Pemijaran,"Maks. 0,01%",Maks.,0.01,%,Maks,,0.01,,,
l 325392|kimia|total etillena oksida (etilena oksida + 2-ce sebagai etilena oksida),L 325392,Kimia,Total Etillena Oksida (etilena oksida + 2-CE sebagai etilena oksida),"Maks. 0,02 ppm",Maks.,0.02,ppm,Maks,,0.02,,,
l 337240|cemaran logam|as,L 337240,Cemaran Logam,As,Maks. 3 ppm,Maks.,3,ppm,Maks,,3,,,
l 337240|cemaran logam|cd,L 337240,Cemaran Logam,Cd,Maks. 1 ppm,Maks.,1,ppm,Maks,,1,,,
l 337240|cemaran logam|hg,L 337240,Cemaran Logam,Hg,Maks. 1 ppm,Maks.,1,ppm,Maks,,1,,,
l 337240|cemaran logam|pb,L 337240,Cemaran Logam,Pb,Maks. 5 ppm,Maks.,5,ppm,Maks,,5,,,
l 337240|kimia|relative density,L 337240,Kimia,Relative density,"1,10 - 1,30",,1.10 - 1.30,,Range,1.1,1.3,,,
l 337240|mikrobiologi|alt,L 337240,Mikrobiologi,ALT,"m = negatif/ g,         M = NA",m/M,,negatif/ g,Kualitatif,,,,,
l 337240|mikrobiologi|coliform,L 337240,Mikrobiologi,Coliform,"m = negatif/ g,         M = NA",m/M,,negatif/ g,Kualitatif,,,,,
l 337240|mikrobiologi|e. coli,L 337240,Mikrobiologi,E. coli,"m = 103 kol/g,          M = 105 kol/g",m/M,103 / 105,kol/g,m/M,,,1000,100000,
l 337240|mikrobiologi|khamir & kapang,L 337240,Mikrobiologi,Khamir & Kapang,"m = 102 kol/g,          M = 104 kol/g",m/M,102 / 104,kol/g,m/M,,,100,10000,
l 337240|mikrobiologi|salmonella,L 337240,Mikrobiologi,Salmonella,"m = Negatif/25g,     M = NA",m/M,,Negatif/25g,Kualitatif,,,,,
low ge - 3 mcpd|cemaran logam|as,Low GE - 3 MCPD,Cemaran Logam,As,"Maks.  0,1  ppm",Maks.,0.1,ppm,Maks,,0.1,,,
low ge - 3 mcpd|cemaran logam|cd,Low GE - 3 MCPD,Cemaran Logam,Cd,"Maks.  0,1  ppm",Maks.,0.1,ppm,Maks,,0.1,,,
low ge - 3 mcpd|cemaran logam|cu,Low GE - 3 MCPD,Cemaran Logam,Cu,"Maks.  0,1  ppm",Maks.,0.1,ppm,Maks,,0.1,,,
low ge - 3 mcpd|cemaran logam|fe,Low GE - 3 MCPD,Cemaran Logam,Fe,"Maks.  1,5  ppm",Maks.,1.5,ppm,Maks,,1.5,,,
low ge - 3 mcpd|cemaran logam|hg,Low GE - 3 MCPD,Cemaran Logam,Hg,"Maks.  0,05  ppm",Maks.,0.05,ppm,Maks,,0.05,,,
low ge - 3 mcpd|cemaran logam|pb,Low GE - 3 MCPD,Cemaran Logam,Pb,Maks.  0.1  ppm,Maks.,0.1,ppm,Maks,,0.1,,,
low ge - 3 mcpd|cemaran logam|sn,Low GE - 3 MCPD,Cemaran Logam,Sn,Maks.  40  ppm,Maks.,40,ppm,Maks,,40,,,
low ge - 3 mcpd|kimia|3 mcpd ester,Low GE - 3 MCPD,Kimia,3 MCPD ester,Maks. 2500 ppb,Maks.,2500,ppb,Maks,,2500,,,
low ge - 3 mcpd|kimia|bilangan iod,Low GE - 3 MCPD,Kimia,Bilangan  Iod,"Min.  50,5  cg/g",Min.,50.5,cg/g,Min,50.5,,,,
low ge - 3 mcpd|kimia|color lovibon,Low GE - 3 MCPD,Kimia,Color  lovibon,Maks.  2.8  Red,Maks.,2.8,Red,Maks,,2.8,,,
low ge - 3 mcpd|kimia|glycidol ester,Low GE - 3 MCPD,Kimia,Glycidol ester,Maks. 1000 ppb,Maks.,1000,ppb,Maks,,1000,,,
low ge - 3 mcpd|kimia|kadar air & kotoran,Low GE - 3 MCPD,Kimia,Kadar  Air  &  Kotoran,"Maks.  0,08 %",Maks.,0.08,%,Maks,,0.08,,,
low ge - 3 mcpd|kimia|rancimat,Low GE - 3 MCPD,Kimia,Rancimat,Min. 10 jam,Min.,10,jam,Min,10,,,,
low ge - 3 mcpd|kimia|rbdpo low 3mcpd,Low GE - 3 MCPD,Kimia,RBDPO Low 3MCPD,,,,,NA,,,,,
low ge - 3 mcpd|kimia|rbdpo low ge,Low GE - 3 MCPD,Kimia,RBDPO Low GE,,,,,NA,,,,,
low ge - 3 mcpd|kimia|total dioksin,Low GE - 3 MCPD,Kimia,Total Dioksin,"Maks.  2,5 pg/g lemak",Maks.,2.5,pg/g lemak,Maks,,2.5,,,
m 201800|cemaran logam|pb,M 201800,Cemaran Logam,Pb,Maks. 1 ppm,Maks.,1,ppm,Maks,,1,,,
m 201800|kimia|asam amino,M 201800,Kimia,Asam  Amino,Negatif,,,Negatif,Kualitatif,,,,,
m 205400|cemaran logam|as,M 205400,Cemaran Logam,As,"Maks.  0,10  ppm",Maks.,0.10,ppm,Maks,,0.1,,,
m 205400|cemaran logam|cd,M 205400,Cemaran Logam,Cd,"Maks.  0,05  ppm",Maks.,0.05,ppm,Maks,,0.05,,,
m 205400|cemaran logam|hg,M 205400,Cemaran Logam,Hg,"Maks.  0,03  ppm",Maks.,0.03,ppm,Maks,,0.03,,,
m 205400|cemaran logam|pb,M 205400,Cemaran Logam,Pb,Maks.  0.25  ppm,Maks.,0.25,ppm,Maks,,0.25,,,
m 205400|cemaran logam|sn,M 205400,Cemaran Logam,Sn,Maks.  40  ppm,Maks.,40,ppm,Maks,,40,,,
m 205400|fisik|partikel size,M 205400,Fisik,Partikel Size,100% lolos (65 mesh),,100,% lolos (65 mesh),Cek,,,,,
m 205400|kimia|hcn,M 205400,Kimia,HCN,Maks.  5  ppm,Maks.,5,ppm,Maks,,5,,,
m 205400|kimia|kadar abu,M 205400,Kimia,Kadar  Abu,"Maks.  0,5 %",Maks.,0.5,%,Maks,,0.5,,,
m 205400|kimia|pati,M 205400,Kimia,Pati,Min.  80%,Min.,80,%,Min,80,,,,
m 205400|kimia|serat kasar,M 205400,Kimia,Serat  kasar,"Maks.  0,4 %",Maks.,0.4,%,Maks,,0.4,,,
m 205400|mikrobiologi|alt,M 205400,Mikrobiologi,ALT,m = 105  kol/g,m =,105,kol/g,m,,,100000,,
m 205400|mikrobiologi|bacillus cereus,M 205400,Mikrobiologi,Bacillus  cereus,m = 103  kol/g,m =,103,kol/g,m,,,1000,,
m 205400|mikrobiologi|escherichia coli,M 205400,Mikrobiologi,Escherichia coli,m = 7.4  APM/g,m =,7.4,APM/g,m,,,7.4,,
m 205400|mikrobiologi|kapang & khamir,M 205400,Mikrobiologi,Kapang & Khamir,m = 103  kol/g,m =,103,kol/g,m,,,1000,,
m 205400|mikrobiologi|salmonella,M 205400,Mikrobiologi,Salmonella,m = negatif/25g,m = negatif/,25,g,m,,,25,,
m 206600|cemaran logam|as,M 206600,Cemaran Logam,As,"Maks. 0,5 ppm",Maks.,0.5,ppm,Maks,,0.5,,,
m 206600|cemaran logam|cd,M 206600,Cemaran Logam,Cd,"Maks. 0,1 ppm",Maks.,0.1,ppm,Maks,,0.1,,,
m 206600|cemaran logam|hg,M 206600,Cemaran Logam,Hg,"Maks. 0,05 ppm",Maks.,0.05,ppm,Maks,,0.05,,,
m 206600|cemaran logam|pb,M 206600,Cemaran Logam,Pb,"Maks. 1,0 ppm",Maks.,1.0,ppm,Maks,,1,,,
m 206600|cemaran logam|sn,M 206600,Cemaran Logam,Sn,Maks. 40 ppm,Maks.,40,ppm,Maks,,40,,,
m 206600|kimia|crude fiber (db),M 206600,Kimia,Crude  fiber (db),"Maks. 1,5%",Maks.,1.5,%,Maks,,1.5,,,
m 206600|kimia|deoksinivalenol,M 206600,Kimia,Deoksinivalenol,Maks. 1000 ppb,Maks.,1000,ppb,Maks,,1000,,,
m 206600|kimia|kadar lemak,M 206600,Kimia,Kadar  lemak,Maks. 2%,Maks.,2,%,Maks,,2,,,
m 206600|kimia|okratoksin a,M 206600,Kimia,Okratoksin A,Maks. 5 ppb,Maks.,5,ppb,Maks,,5,,,
m 206600|kimia|protein (n x 6.25),M 206600,Kimia,Protein (N x 6.25),Min. 83%  (db),Min.,83,% (db),Min,83,,,,
m 206600|mikrobiologi|alt,M 206600,Mikrobiologi,ALT,m = 105 kol/g,m =,105,kol/g,m,,,100000,,
m 206600|mikrobiologi|bacillus cereus,M 206600,Mikrobiologi,Bacillus cereus,m = 103 kol/g,m =,103,kol/g,m,,,1000,,
m 206600|mikrobiologi|e. coli,M 206600,Mikrobiologi,E. coli,m = 7.4 APM/g,m =,7.4,APM/g,m,,,7.4,,
m 206600|mikrobiologi|kapang & khamir,M 206600,Mikrobiologi,Kapang & Khamir,m = 103 kol/g,m =,103,kol/g,m,,,1000,,
m 206600|mikrobiologi|salmonella,M 206600,Mikrobiologi,Salmonella,m = Negatif/25 g,m = Negatif/,25,g,m,,,25,,
m 206700|cemaran logam|as,M 206700,Cemaran Logam,As,"Maks. 0,1 ppm",Maks.,0.1,ppm,Maks,,0.1,,,
m 206700|cemaran logam|cd,M 206700,Cemaran Logam,Cd,"Maks. 0,05 ppm",Maks.,0.05,ppm,Maks,,0.05,,,
m 206700|cemaran logam|hg,M 206700,Cemaran Logam,Hg,"Maks. 0,03 ppm",Maks.,0.03,ppm,Maks,,0.03,,,
m 206700|cemaran logam|pb,M 206700,Cemaran Logam,Pb,"Maks. 0,25 ppm",Maks.,0.25,ppm,Maks,,0.25,,,
m 206700|cemaran logam|sn,M 206700,Cemaran Logam,Sn,Maks. 40 ppm,Maks.,40,ppm,Maks,,40,,,
m 206700|kimia|ethylene oxide,M 206700,Kimia,Ethylene Oxide,"Maks. 0,01 ppm",Maks.,0.01,ppm,Maks,,0.01,,,
m 206700|kimia|okratoksin a,M 206700,Kimia,Okratoksin A,Maks. 5 ppb,Maks.,5,ppb,Maks,,5,,,
m 206700|kimia|so2,M 206700,Kimia,SO2,Maks. 20 ppm,Maks.,20,ppm,Maks,,20,,,
m 206700|kimia|total etillena oksida (etilena oksida + 2-ce sebagai etilena oksida),M 206700,Kimia,Total Etillena Oksida (etilena oksida + 2-CE sebagai etilena oksida),"Maks. 0,02 ppm",Maks.,0.02,ppm,Maks,,0.02,,,
m 206700|mikrobiologi|alt,M 206700,Mikrobiologi,ALT,m = 105 kol/g,m =,105,kol/g,m,,,100000,,
m 206700|mikrobiologi|bacillus cereus,M 206700,Mikrobiologi,Bacillus cereus,m = 103 kol/g,m =,103,kol/g,m,,,1000,,
m 206700|mikrobiologi|e. coli,M 206700,Mikrobiologi,E. coli,m = 7.4 APM/g,m =,7.4,APM/g,m,,,7.4,,
m 206700|mikrobiologi|kapang & khamir,M 206700,Mikrobiologi,Kapang & Khamir,m = 103 kol/g,m =,103,kol/g,m,,,1000,,
m 206700|mikrobiologi|salmonella,M 206700,Mikrobiologi,Salmonella,m = Negatif/25g,m = Negatif/,25,g,m,,,25,,
m 222000|cemaran logam|as,M 222000,Cemaran Logam,As,"Maks. 0,1 ppm",Maks.,0.1,ppm,Maks,,0.1,,,
m 222000|cemaran logam|cd,M 222000,Cemaran Logam,Cd,"Maks. 0,5 ppm",Maks.,0.5,ppm,Maks,,0.5,,,
m 222000|cemaran logam|cu,M 222000,Cemaran Logam,Cu,Maks. 2 ppm (export),Maks.,2,ppm (export),Maks,,2,,,
m 222000|cemaran logam|hg,M 222000,Cemaran Logam,Hg,"Maks. 0,1 ppm",Maks.,0.1,ppm,Maks,,0.1,,,
m 222000|cemaran logam|pb,M 222000,Cemaran Logam,Pb,Maks. 2 ppm (export),Maks.,2,ppm (export),Maks,,2,,,
m 222000|cemaran logam|sn,M 222000,Cemaran Logam,Sn,Maks. 40 ppm,Maks.,40,ppm,Maks,,40,,,
m 222000|kimia|ca,M 222000,Kimia,Ca,Maks. 600 ppm,Maks.,600,ppm,Maks,,600,,,
m 222000|kimia|iodium (kio3),M 222000,Kimia,Iodium  (KIO3),30 - 80 ppm,,30 - 80,ppm,Range,30,80,,,
m 222000|kimia|mg,M 222000,Kimia,Mg,Maks. 400 ppm,Maks.,400,ppm,Maks,,400,,,
m 222190|cemaran logam|as,M 222190,Cemaran Logam,As,"Maks. 0,25 ppm",Maks.,0.25,ppm,Maks,,0.25,,,
m 222190|cemaran logam|cd,M 222190,Cemaran Logam,Cd,"Maks. 0,10 ppm",Maks.,0.10,ppm,Maks,,0.1,,,
m 222190|cemaran logam|hg,M 222190,Cemaran Logam,Hg,"Maks. 0,03 ppm",Maks.,0.03,ppm,Maks,,0.03,,,
m 222190|cemaran logam|pb,M 222190,Cemaran Logam,Pb,"Maks. 0,25 ppm",Maks.,0.25,ppm,Maks,,0.25,,,
m 222190|cemaran logam|sn,M 222190,Cemaran Logam,Sn,Maks. 40 ppm,Maks.,40,ppm,Maks,,40,,,
m 222190|kimia|gula reduksi,M 222190,Kimia,Gula reduksi,"Maks. 1,2%",Maks.,1.2,%,Maks,,1.2,,,
m 222190|kimia|kadar lemak,M 222190,Kimia,Kadar  lemak,Min. 40%,Min.,40,%,Min,40,,,,
m 222190|kimia|kadar protein (n x 6.25),M 222190,Kimia,Kadar  protein (N x 6.25),Min. 44%,Min.,44,%,Min,44,,,,
m 222190|kimia|total dioksin,M 222190,Kimia,Total Dioksin,"Maks. 2,5 pg / g lemak",Maks.,2.5,pg / g lemak,Maks,,2.5,,,
m 222190|mikrobiologi|alt,M 222190,Mikrobiologi,ALT,m = 103 col/g,m =,103,col/g,m,,,1000,,
m 222190|mikrobiologi|enterobacteriaceae,M 222190,Mikrobiologi,Enterobacteriaceae,m = 10 col/g,m =,10,col/g,m,,,10,,
m 222190|mikrobiologi|salmonella,M 222190,Mikrobiologi,Salmonella,m = Negatif/25 g,m = Negatif/,25,g,m,,,25,,
m 254830|fisik|jenis pati (set back),M 254830,Fisik,Jenis Pati (set back),Set  back  min. 100  (viscositas suhu rendah),Set back min.,100,(viscositas suhu rendah),Cek,,,,,
m 254830|kimia|as,M 254830,Kimia,As,"Maks.  0,10  ppm",Maks.,0.10,ppm,Maks,,0.1,,,
m 254830|kimia|cd,M 254830,Kimia,Cd,"Maks.  0,05  ppm",Maks.,0.05,ppm,Maks,,0.05,,,
m 254830|kimia|derajat asam,M 254830,Kimia,Derajat asam,"Maks. 4,0 ml NaOH 0,1 N/100 g",Maks.,4.0,"ml NaOH 0,1 N/100 g",Maks,,4,,,
m 254830|kimia|hg,M 254830,Kimia,Hg,"Maks.  0,03  ppm",Maks.,0.03,ppm,Maks,,0.03,,,
m 254830|kimia|kadar amylosa,M 254830,Kimia,Kadar  Amylosa,Min. 23 %,Min.,23,%,Min,23,,,,
m 254830|kimia|kadar protein,M 254830,Kimia,Kadar  Protein,6 - 9 %,,6 - 9,%,Range,6,9,,,
m 254830|kimia|okratoksin a,M 254830,Kimia,Okratoksin A,Maks. 5 ppb,Maks.,5,ppb,Maks,,5,,,
m 254830|kimia|pb,M 254830,Kimia,Pb,"Maks.  0,25  ppm",Maks.,0.25,ppm,Maks,,0.25,,,
m 254830|kimia|sn,M 254830,Kimia,Sn,Maks.  40  ppm,Maks.,40,ppm,Maks,,40,,,
m 254830|kimia|so2,M 254830,Kimia,SO2,Tidak boleh ada,,,Tidak boleh ada,Kualitatif,,,,,
m 254830|mikrobiologi|alt,M 254830,Mikrobiologi,ALT,m = 105 kol/g,m =,105,kol/g,m,,,100000,,
m 254830|mikrobiologi|bacillus cereus,M 254830,Mikrobiologi,Bacillus cereus,m = 103 kol/g,m =,103,kol/g,m,,,1000,,
m 254830|mikrobiologi|e. coli,M 254830,Mikrobiologi,E. coli,m = 7.4 APM/g,m =,7.4,APM/g,m,,,7.4,,
m 254830|mikrobiologi|kapang & khamir,M 254830,Mikrobiologi,Kapang & Khamir,m = 103 kol/g,m =,103,kol/g,m,,,1000,,
m 254830|mikrobiologi|salmonella,M 254830,Mikrobiologi,Salmonella,m = Negatif/25 g,m = Negatif/,25,g,m,,,25,,
m 276012|cemaran logam|as,M 276012,Cemaran Logam,As,Maks. 2 ppm,Maks.,2,ppm,Maks,,2,,,
m 276012|cemaran logam|pb,M 276012,Cemaran Logam,Pb,Maks. 1 ppm,Maks.,1,ppm,Maks,,1,,,
m 276012|fisik|partikel size,M 276012,Fisik,Partikel Size,Min. 85% (60-200 mesh),Min.,85,% (60-200 mesh),Min,85,,,,
m 276012|kimia|kemurnian,M 276012,Kimia,Kemurnian,99 - 101% (db),,99 - 101,% (db),Range,99,101,,,
m 276012|kimia|klorida,M 276012,Kimia,Klorida,"Maks. 0,2%",Maks.,0.2,%,Maks,,0.2,,,
m 276012|kimia|rotasi jenis [α]d20,M 276012,Kimia,Rotasi Jenis [α]D20,"(+)24,8° - (+)25,3°",(+),24.8,"° - (+)25,3°",Cek,,,,,
m 300402|cemaran logam|as,M 300402,Cemaran Logam,As,Maks. 3 ppm,Maks.,3,ppm,Maks,,3,,,
m 300402|cemaran logam|cd,M 300402,Cemaran Logam,Cd,Maks. 2 ppm,Maks.,2,ppm,Maks,,2,,,
m 300402|cemaran logam|hg,M 300402,Cemaran Logam,Hg,Maks. 1 ppm,Maks.,1,ppm,Maks,,1,,,
m 300402|cemaran logam|pb,M 300402,Cemaran Logam,Pb,Maks. 5 ppm,Maks.,5,ppm,Maks,,5,,,
m 300402|kimia|aflatoksin (b1),M 300402,Kimia,Aflatoksin (B1),Maks. 15 ppb,Maks.,15,ppb,Maks,,15,,,
m 300402|kimia|aflatoksin (total),M 300402,Kimia,Aflatoksin (Total),Maks. 20 ppb,Maks.,20,ppb,Maks,,20,,,
m 300402|kimia|deoksinivalenol,M 300402,Kimia,Deoksinivalenol,Maks. 1000 ppb,Maks.,1000,ppb,Maks,,1000,,,
m 300402|kimia|fumonisin,M 300402,Kimia,Fumonisin,Maks. 800 ppb,Maks.,800,ppb,Maks,,800,,,
m 300402|kimia|okratoksin a,M 300402,Kimia,Okratoksin A,Maks. 5 ppb,Maks.,5,ppb,Maks,,5,,,
m 300402|mikrobiologi|coliform,M 300402,Mikrobiologi,Coliform,m = negatif / g,,,m = negatif / g,Kualitatif,,,,,
m 300402|mikrobiologi|e. coli,M 300402,Mikrobiologi,E. coli,m = negatif / g,,,m = negatif / g,Kualitatif,,,,,
m 300402|mikrobiologi|salmonella,M 300402,Mikrobiologi,Salmonella,m = negatif / 25 g,m = negatif /,25,g,m,,,25,,
m 301602|cemaran logam|as,M 301602,Cemaran Logam,As,Maks. 1 ppm,Maks.,1,ppm,Maks,,1,,,
m 301602|cemaran logam|cd,M 301602,Cemaran Logam,Cd,Maks. 1 ppm,Maks.,1,ppm,Maks,,1,,,
m 301602|cemaran logam|hg,M 301602,Cemaran Logam,Hg,Maks. 1 ppm,Maks.,1,ppm,Maks,,1,,,
m 301602|cemaran logam|pb,M 301602,Cemaran Logam,Pb,Maks. 1 ppm,Maks.,1,ppm,Maks,,1,,,
m 301602|kimia|kemurnian,M 301602,Kimia,Kemurnian,Min. 94%,Min.,94,%,Min,94,,,,
m 301602|kimia|p2o5,M 301602,Kimia,P2O5,54 - 58%,,54 - 58,%,Range,54,58,,,
m 301602|kimia|polifosfat lain yang lebih tinggi,M 301602,Kimia,Polifosfat lain yang lebih tinggi,Tidak terdeteksi,,,Tidak terdeteksi,Cek,,,,,
m 304602|cemaran logam|as,M 304602,Cemaran Logam,As,Maks. 1 ppm,Maks.,1,ppm,Maks,,1,,,
m 304602|cemaran logam|cd,M 304602,Cemaran Logam,Cd,Maks. 1 ppm,Maks.,1,ppm,Maks,,1,,,
m 304602|cemaran logam|hg,M 304602,Cemaran Logam,Hg,Maks. 1 ppm,Maks.,1,ppm,Maks,,1,,,
m 304602|cemaran logam|pb,M 304602,Cemaran Logam,Pb,Maks. 1 ppm,Maks.,1,ppm,Maks,,1,,,
m 304602|kimia|p2o5,M 304602,Kimia,P2O5,60 - 80%,,60 - 80,%,Range,60,80,,,
m 304702|cemaran logam|as,M 304702,Cemaran Logam,As,Maks. 1 ppm,Maks.,1,ppm,Maks,,1,,,
m 304702|cemaran logam|cd,M 304702,Cemaran Logam,Cd,Maks. 2 ppm,Maks.,2,ppm,Maks,,2,,,
m 304702|cemaran logam|hg,M 304702,Cemaran Logam,Hg,Maks. 1 ppm,Maks.,1,ppm,Maks,,1,,,
m 304702|cemaran logam|pb,M 304702,Cemaran Logam,Pb,Maks. 2 ppm,Maks.,2,ppm,Maks,,2,,,
m 304702|kimia|ethylene oxide,M 304702,Kimia,Ethylene Oxide,"Maks. 0,01 ppm",Maks.,0.01,ppm,Maks,,0.01,,,"Konflik di 2026 (2 varian): Maks. 0,01 ppm; Maks. 0,02 ppm -> dipakai 'Maks. 0,01 ppm'. Cek manual."
m 304702|kimia|total etillena oksida (etilena oksida + 2-ce sebagai etilena oksida),M 304702,Kimia,Total Etillena Oksida (etilena oksida + 2-CE sebagai etilena oksida),"Maks. 0,02 ppm",Maks.,0.02,ppm,Maks,,0.02,,,"Konflik di 2026 (2 varian): Maks. 0,02 ppm; None -> dipakai 'Maks. 0,02 ppm'. Cek manual."
m 304702|kimia|total karbonat,M 304702,Kimia,Total  Karbonat,Min. 92%,Min.,92,%,Min,92,,,,
m 304902|cemaran logam|as,M 304902,Cemaran Logam,As,Maks. 3 ppm,Maks.,3,ppm,Maks,,3,,,
m 304902|cemaran logam|hg,M 304902,Cemaran Logam,Hg,Maks. 1 ppm,Maks.,1,ppm,Maks,,1,,,
m 304902|cemaran logam|pb,M 304902,Cemaran Logam,Pb,Maks. 2 ppm,Maks.,2,ppm,Maks,,2,,,
m 304902|kimia|kemurnian (anhidrat),M 304902,Kimia,Kemurnian (anhidrat),Min. 99 %,Min.,99,%,Min,99,,,,
m 305002|cemaran logam|as,M 305002,Cemaran Logam,As,Maks. 3 ppm,Maks.,3,ppm,Maks,,3,,,
m 305002|cemaran logam|hg,M 305002,Cemaran Logam,Hg,Maks. 1 ppm,Maks.,1,ppm,Maks,,1,,,
m 305002|cemaran logam|pb,M 305002,Cemaran Logam,Pb,Maks. 2 ppm,Maks.,2,ppm,Maks,,2,,,
m 305002|kimia|kemurnian,M 305002,Kimia,Kemurnian,Min. 99%,Min.,99,%,Min,99,,,,
m 306500|cemaran logam|as,M 306500,Cemaran Logam,As,Maks. 3 ppm,Maks.,3,ppm,Maks,,3,,,
m 306500|cemaran logam|cd,M 306500,Cemaran Logam,Cd,Maks. 1 ppm,Maks.,1,ppm,Maks,,1,,,
m 306500|cemaran logam|hg,M 306500,Cemaran Logam,Hg,Maks. 1 ppm,Maks.,1,ppm,Maks,,1,,,
m 306500|cemaran logam|pb,M 306500,Cemaran Logam,Pb,Maks. 2 ppm,Maks.,2,ppm,Maks,,2,,,
m 306500|fisik|partikel size,M 306500,Fisik,Partikel Size,Min. 90% lolos (mesh 200),Min.,90,% lolos (mesh 200),Min,90,,,,
m 306500|kimia|bahan tidak larut asam,M 306500,Kimia,Bahan  tidak  larut  asam,"Maks. 7,0%  (db)",Maks.,7.0,% (db),Maks,,7,,,
m 306500|kimia|etanol & isopropanol,M 306500,Kimia,Etanol & Isopropanol,Maks. 1%,Maks.,1,%,Maks,,1,,,
m 306500|kimia|ethylene oxide,M 306500,Kimia,Ethylene Oxide,"Maks. 0,01 ppm",Maks.,0.01,ppm,Maks,,0.01,,,
m 306500|kimia|furfural,M 306500,Kimia,Furfural,Maks. 1 ppm,Maks.,1,ppm,Maks,,1,,,
m 306500|kimia|kadar pati,M 306500,Kimia,Kadar  pati,TTD,,,TTD,Cek,,,,,
m 306500|kimia|kemurnian,M 306500,Kimia,Kemurnian,Min. 80%,Min.,80,%,Min,80,,,,
m 306500|kimia|pentaklorofenol,M 306500,Kimia,Pentaklorofenol,"Maks. 0,01 ppm",Maks.,0.01,ppm,Maks,,0.01,,,
m 306500|kimia|peroksida organik,M 306500,Kimia,Peroksida Organik,"Maks. 0,7 meq oksigen aktif/kg",Maks.,0.7,meq oksigen aktif/kg,Maks,,0.7,,,
m 306500|kimia|protein (n x 6.25),M 306500,Kimia,Protein (N x 6.25),Maks. 10%,Maks.,10,%,Maks,,10,,,
m 306500|kimia|total etillena oksida (etilena oksida + 2-ce sebagai etilena oksida),M 306500,Kimia,Total Etillena Oksida (etilena oksida + 2-CE sebagai etilena oksida),"Maks. 0,02 ppm",Maks.,0.02,ppm,Maks,,0.02,,,
m 306500|mikrobiologi|alt,M 306500,Mikrobiologi,ALT,"Maks. 5,0 x 103 koloni /g",Maks.,5.0 x 10^3,koloni /g,m,,,5000,,
m 306500|mikrobiologi|e. coli,M 306500,Mikrobiologi,E. coli,Negatif,,,Negatif,Kualitatif,,,,,
m 306500|mikrobiologi|khamir & kapang,M 306500,Mikrobiologi,Khamir & Kapang,"Maks. 5,0 x 102 koloni /g",Maks.,5.0 x 10^2,koloni /g,m,,,500,,
m 306500|mikrobiologi|salmonella,M 306500,Mikrobiologi,Salmonella,Negatif,,,Negatif,Kualitatif,,,,,
m 306602|cemaran logam|as,M 306602,Cemaran Logam,As,Maks. 3 ppm,Maks.,3,ppm,Maks,,3,,,
m 306602|cemaran logam|cd,M 306602,Cemaran Logam,Cd,Maks. 1 ppm,Maks.,1,ppm,Maks,,1,,,
m 306602|cemaran logam|hg,M 306602,Cemaran Logam,Hg,Maks. 1 ppm,Maks.,1,ppm,Maks,,1,,,
m 306602|cemaran logam|pb,M 306602,Cemaran Logam,Pb,Maks. 2 ppm,Maks.,2,ppm,Maks,,2,,,
m 306602|kimia|free glycerol,M 306602,Kimia,Free  Glycerol,"Maks. 1,0%",Maks.,1.0,%,Maks,,1,,,
m 306602|kimia|residu pemijaran,M 306602,Kimia,Residu Pemijaran,"Maks. 0,5%",Maks.,0.5,%,Maks,,0.5,,,
m 307002|cemaran logam|as,M 307002,Cemaran Logam,As,Maks. 1 ppm,Maks.,1,ppm,Maks,,1,,,
m 307002|cemaran logam|cd,M 307002,Cemaran Logam,Cd,Maks. 1 ppm,Maks.,1,ppm,Maks,,1,,,
m 307002|cemaran logam|hg,M 307002,Cemaran Logam,Hg,Maks. 1 ppm,Maks.,1,ppm,Maks,,1,,,
m 307002|cemaran logam|pb,M 307002,Cemaran Logam,Pb,Maks. 1 ppm,Maks.,1,ppm,Maks,,1,,,
m 307002|kimia|p2o5 (db),M 307002,Kimia,P2O5  (db),49 - 50%,,49 - 50,%,Range,49,50,,,
m 308502|cemaran logam|as,M 308502,Cemaran Logam,As,Maks. 3 ppm,Maks.,3,ppm,Maks,,3,,,
m 308502|cemaran logam|cd,M 308502,Cemaran Logam,Cd,Maks. 1 ppm,Maks.,1,ppm,Maks,,1,,,
m 308502|cemaran logam|hg,M 308502,Cemaran Logam,Hg,Maks. 1 ppm,Maks.,1,ppm,Maks,,1,,,
m 308502|cemaran logam|pb,M 308502,Cemaran Logam,Pb,Maks. 2 ppm,Maks.,2,ppm,Maks,,2,,,
m 308502|kimia|kemurnian / total warna,M 308502,Kimia,Kemurnian / Total Warna,Min. 87%,Min.,87,%,Min,87,,,,
m 308602|cemaran logam|as,M 308602,Cemaran Logam,As,Maks. 3 ppm,Maks.,3,ppm,Maks,,3,,,
m 308602|cemaran logam|pb,M 308602,Cemaran Logam,Pb,Maks. 2 ppm,Maks.,2,ppm,Maks,,2,,,
m 308602|kimia|kadar air (karl fisher),M 308602,Kimia,Kadar air (Karl Fisher),"Maks. 0,5%",Maks.,0.5,%,Maks,,0.5,,,
m 308602|kimia|kemurnian,M 308602,Kimia,Kemurnian,Min. 99% (db),Min.,99,% (db),Min,99,,,,
m 310102|cemaran logam|as,M 310102,Cemaran Logam,As,Maks. 3 ppm,Maks.,3,ppm,Maks,,3,,,
m 310102|cemaran logam|hg,M 310102,Cemaran Logam,Hg,Maks. 3 ppm,Maks.,3,ppm,Maks,,3,,,
m 310102|cemaran logam|pb,M 310102,Cemaran Logam,Pb,Maks. 2 ppm,Maks.,2,ppm,Maks,,2,,,
m 310102|kimia|kemurnian,M 310102,Kimia,Kemurnian,"97,0 - 101,0%  (db)",,97.0 - 101.0,% (db),Range,97,101,,,
m 335350|cemaran logam|as,M 335350,Cemaran Logam,As,Maks. 3 ppm,Maks.,3,ppm,Maks,,3,,,
m 335350|cemaran logam|hg,M 335350,Cemaran Logam,Hg,Maks. 1 ppm,Maks.,1,ppm,Maks,,1,,,
m 335350|cemaran logam|pb,M 335350,Cemaran Logam,Pb,Maks. 2 ppm,Maks.,2,ppm,Maks,,2,,,
m 335350|kimia|bahan tidak larut aseton,M 335350,Kimia,Bahan Tidak Larut Aseton,Min. 97%,Min.,97,%,Min,97,,,,
m 335350|kimia|kadar air (karl fisher),M 335350,Kimia,Kadar Air (Karl Fisher),"Maks. 1,5%",Maks.,1.5,%,Maks,,1.5,,,
m 335350|mikrobiologi|alt,M 335350,Mikrobiologi,ALT,"Maks. 1,0 x 103 koloni/g",Maks.,1.0 x 10^3,koloni/g,m,,,1000,,
m 335350|mikrobiologi|coliform,M 335350,Mikrobiologi,Coliform,Maks. 10 koloni/g,Maks.,10,koloni/g,m,,,10,,
m 335350|mikrobiologi|e. coli,M 335350,Mikrobiologi,E. coli,Maks. < 3 koloni/g,Maks. <,3,koloni/g,m,,,3,,
m 335350|mikrobiologi|khamir & kapang,M 335350,Mikrobiologi,Khamir & Kapang,"Maks. 1,0 x 102 koloni/g",Maks.,1.0 x 10^2,koloni/g,m,,,100,,
m 335350|mikrobiologi|salmonella,M 335350,Mikrobiologi,Salmonella,Negatif,,,Negatif,Kualitatif,,,,,
m 338652|cemaran logam|as,M 338652,Cemaran Logam,As,Maks.  3 ppm,Maks.,3,ppm,Maks,,3,,,
m 338652|cemaran logam|cd,M 338652,Cemaran Logam,Cd,Maks.  1 ppm,Maks.,1,ppm,Maks,,1,,,
m 338652|cemaran logam|hg,M 338652,Cemaran Logam,Hg,Maks.  1 ppm,Maks.,1,ppm,Maks,,1,,,
m 338652|cemaran logam|pb,M 338652,Cemaran Logam,Pb,Maks.  2 ppm,Maks.,2,ppm,Maks,,2,,,
m 338652|mikrobiologi|apc,M 338652,Mikrobiologi,APC,Maks. 5000 col/g,Maks.,5000,col/g,m,,,5000,,
m 338652|mikrobiologi|enterobacteriaceae,M 338652,Mikrobiologi,Enterobacteriaceae,Negatif dalam 1 g,Negatif dalam,1,g,m,,,1,,
m 338652|mikrobiologi|salmonella,M 338652,Mikrobiologi,Salmonella,Negatif dalam 25 g,Negatif dalam,25,g,m,,,25,,
m 338652|mikrobiologi|yeast & mould,M 338652,Mikrobiologi,Yeast  &  Mould,Maks. 100 col/g,Maks.,100,col/g,m,,,1,,
m 339352|cemaran logam|as,M 339352,Cemaran Logam,As,Maks.  3 ppm,Maks.,3,ppm,Maks,,3,,,
m 339352|cemaran logam|cd,M 339352,Cemaran Logam,Cd,Maks.  1 ppm,Maks.,1,ppm,Maks,,1,,,
m 339352|cemaran logam|hg,M 339352,Cemaran Logam,Hg,Maks.  1 ppm,Maks.,1,ppm,Maks,,1,,,
m 339352|cemaran logam|pb,M 339352,Cemaran Logam,Pb,Maks.  2 ppm,Maks.,2,ppm,Maks,,2,,,
m 339352|mikrobiologi|apc,M 339352,Mikrobiologi,APC,Maks. 5000 col/g,Maks.,5000,col/g,m,,,5000,,
m 339352|mikrobiologi|coliform,M 339352,Mikrobiologi,Coliform,"Negatif dalam 0,1 g",Negatif dalam,0.1,g,m,,,0.1,,
m 339352|mikrobiologi|e.coli,M 339352,Mikrobiologi,E.coli,< 1 col/g,<,1,col/g,m,,,1,,
m 339352|mikrobiologi|enterobacteriaceae,M 339352,Mikrobiologi,Enterobacteriaceae,Negatif dalam 1 g,Negatif dalam,1,g,m,,,1,,
m 339352|mikrobiologi|salmonella,M 339352,Mikrobiologi,Salmonella,Negatif dalam 25 g,Negatif dalam,25,g,m,,,25,,
m 339352|mikrobiologi|staphylococcus aureus,M 339352,Mikrobiologi,Staphylococcus aureus,< 10 col/g,<,10,col/g,m,,,10,,
m 339352|mikrobiologi|yeast & mould,M 339352,Mikrobiologi,Yeast  &  Mould,Maks. 100 col/g,Maks.,100,col/g,m,,,1,,
m 434502|cemaran logam|as,M 434502,Cemaran Logam,As,Maks. 3 ppm,Maks.,3,ppm,Maks,,3,,,
m 434502|cemaran logam|hg,M 434502,Cemaran Logam,Hg,Maks. 1 ppm,Maks.,1,ppm,Maks,,1,,,
m 434502|cemaran logam|pb,M 434502,Cemaran Logam,Pb,Maks. 5 ppm,Maks.,5,ppm,Maks,,5,,,
m 434502|cemaran logam|sn,M 434502,Cemaran Logam,Sn,Maks. 2 ppm,Maks.,2,ppm,Maks,,2,,,
m 434502|mikrobiologi|bacillus cereus,M 434502,Mikrobiologi,Bacillus cereus,"m = 1,0 x 105 kol/g,",m =,1.0 x 10^5,kol/g,m,,,100000,,
m 434502|mikrobiologi|clostridium perfringens,M 434502,Mikrobiologi,Clostridium perfringens,"m = 1,0 x 104 kol/g,",m =,1.0 x 10^4,kol/g,m,,,10000,,
m 434502|mikrobiologi|coliform,M 434502,Mikrobiologi,Coliform,"m = negatif/ g,",,,"m = negatif/ g,",Kualitatif,,,,,
m 434502|mikrobiologi|e. coli,M 434502,Mikrobiologi,E. coli,"m = negatif/ g,",,,"m = negatif/ g,",Kualitatif,,,,,
m 434502|mikrobiologi|enterobacteriaceae,M 434502,Mikrobiologi,Enterobacteriaceae,"m = 1,0 x 104 kol/g,",m =,1.0 x 10^4,kol/g,m,,,10000,,
m 434502|mikrobiologi|kapang & khamir,M 434502,Mikrobiologi,Kapang & Khamir,"m = 1,0 x 104 kol/g,",m =,1.0 x 10^4,kol/g,m,,,10000,,
m 434502|mikrobiologi|salmonella sp,M 434502,Mikrobiologi,Salmonella Sp,"m = negatif/ 25 g,",m = negatif/,25,g,m,,,25,,
m 434502|mikrobiologi|tpc,M 434502,Mikrobiologi,TPC,"m = 1,0 x 106 kol/g,",m =,1.0 x 10^6,kol/g,m,,,1000000,,
m 504950|cemaran logam|as,M 504950,Cemaran Logam,As,"Maks. 0,15 ppm",Maks.,0.15,ppm,Maks,,0.15,,,
m 504950|cemaran logam|cd,M 504950,Cemaran Logam,Cd,"Maks. 0,05 ppm",Maks.,0.05,ppm,Maks,,0.05,,,
m 504950|cemaran logam|hg,M 504950,Cemaran Logam,Hg,"Maks. 0,03 ppm",Maks.,0.03,ppm,Maks,,0.03,,,
m 504950|cemaran logam|pb,M 504950,Cemaran Logam,Pb,"Maks. 0,20 ppm",Maks.,0.20,ppm,Maks,,0.2,,,
m 504950|cemaran logam|sn,M 504950,Cemaran Logam,Sn,Maks. 40 ppm,Maks.,40,ppm,Maks,,40,,,
m 504950|fisik|ukuran partikel,M 504950,Fisik,Ukuran Partikel,Min. 90 %  lolos  mesh 40,Min.,90,% lolos mesh 40,Min,90,,,,
m 504950|kimia|ethylene oxide,M 504950,Kimia,Ethylene Oxide,"Maks. 0,01 ppm",Maks.,0.01,ppm,Maks,,0.01,,,
m 504950|kimia|residu pestisida,M 504950,Kimia,Residu Pestisida,Sesuai  dengan  PERMENTAN 53 / 2018,,,Sesuai dengan PERMENTAN 53 / 2018,Cek,,,,,
m 504950|kimia|total etilena oksida (etilena oksida + 2-ce sebagai etilena oksida),M 504950,Kimia,Total Etilena oksida (etilena oksida + 2-CE sebagai etilena oksida),"Maks. 0,02 ppm",Maks.,0.02,ppm,Maks,,0.02,,,
m 504950|mikrobiologi|alt,M 504950,Mikrobiologi,ALT,m = 104 kol/g,m =,104,kol/g,m,,,10000,,
m 504950|mikrobiologi|e. coli,M 504950,Mikrobiologi,E. coli,m = < 3 APM/g,m = <,3,APM/g,m,,,3,,
m 504950|mikrobiologi|kapang & khamir,M 504950,Mikrobiologi,Kapang & Khamir,m = 10 kol/g,m =,10,kol/g,m,,,10,,
m 505750|cemaran logam|as,M 505750,Cemaran Logam,As,"Maks. 0,15 ppm",Maks.,0.15,ppm,Maks,,0.15,,,
m 505750|cemaran logam|cd,M 505750,Cemaran Logam,Cd,"Maks. 0,05 ppm",Maks.,0.05,ppm,Maks,,0.05,,,
m 505750|cemaran logam|hg,M 505750,Cemaran Logam,Hg,"Maks. 0,03 ppm",Maks.,0.03,ppm,Maks,,0.03,,,
m 505750|cemaran logam|pb,M 505750,Cemaran Logam,Pb,"Maks. 0,20 ppm",Maks.,0.20,ppm,Maks,,0.2,,,
m 505750|cemaran logam|sn,M 505750,Cemaran Logam,Sn,Maks. 40 ppm,Maks.,40,ppm,Maks,,40,,,
m 505750|fisik|ukuran partikel,M 505750,Fisik,Ukuran Partikel,Min. 70 %  lolos  mesh 100,Min.,70,% lolos mesh 100,Min,70,,,,
m 505750|kimia|ethylene oxide,M 505750,Kimia,Ethylene Oxide,"Maks. 0,01 ppm",Maks.,0.01,ppm,Maks,,0.01,,,
m 505750|kimia|residu pestisida,M 505750,Kimia,Residu Pestisida,Sesuai  dengan  PERMENTAN 53 / 2018,,,Sesuai dengan PERMENTAN 53 / 2018,Cek,,,,,
m 505750|kimia|total etilena oksida (etilena oksida + 2-ce sebagai etilena oksida),M 505750,Kimia,Total Etilena oksida (etilena oksida + 2-CE sebagai etilena oksida),"Maks. 0,02 ppm",Maks.,0.02,ppm,Maks,,0.02,,,
m 505750|mikrobiologi|alt,M 505750,Mikrobiologi,ALT,m = 104 kol/g,m =,104,kol/g,m,,,10000,,
m 505750|mikrobiologi|e. coli,M 505750,Mikrobiologi,E. coli,m = < 3 APM/g,m = <,3,APM/g,m,,,3,,
m 505750|mikrobiologi|kapang & khamir,M 505750,Mikrobiologi,Kapang & Khamir,m = 10 kol/g,m =,10,kol/g,m,,,10,,
m 508300|cemaran logam|as,M 508300,Cemaran Logam,As,"Maks. 0,10 ppm",Maks.,0.10,ppm,Maks,,0.1,,,
m 508300|cemaran logam|cd,M 508300,Cemaran Logam,Cd,"Maks. 0,05 ppm",Maks.,0.05,ppm,Maks,,0.05,,,
m 508300|cemaran logam|hg,M 508300,Cemaran Logam,Hg,"Maks. 0,03 ppm",Maks.,0.03,ppm,Maks,,0.03,,,
m 508300|cemaran logam|pb,M 508300,Cemaran Logam,Pb,"Maks. 0,20 ppm",Maks.,0.20,ppm,Maks,,0.2,,,
m 508300|cemaran logam|sn,M 508300,Cemaran Logam,Sn,Maks. 40 ppm,Maks.,40,ppm,Maks,,40,,,
m 508300|kimia|kadar so2,M 508300,Kimia,Kadar SO2,Maks. 10 ppm,Maks.,10,ppm,Maks,,10,,,
m 508300|kimia|residu fosfat (sebagai p),M 508300,Kimia,Residu Fosfat (Sebagai P),"Maks. 0,14%",Maks.,0.14,%,Maks,,0.14,,,
m 508300|mikrobiologi|alt,M 508300,Mikrobiologi,ALT,m = 105 kol/g,m =,105,kol/g,m,,,100000,,
m 508300|mikrobiologi|bacillus cereus,M 508300,Mikrobiologi,Bacillus cereus,"m = 103 kol/g,",m =,103,kol/g,m,,,1000,,
m 508300|mikrobiologi|e. coli,M 508300,Mikrobiologi,E. coli,m = 7.4 APM/g,m =,7.4,APM/g,m,,,7.4,,
m 508300|mikrobiologi|kapang & khamir,M 508300,Mikrobiologi,Kapang & Khamir,m = 103 kol/g,m =,103,kol/g,m,,,1000,,
m 508300|mikrobiologi|salmonella,M 508300,Mikrobiologi,Salmonella,m = Negatif/25g,m = Negatif/,25,g,m,,,25,,
m 508300|mikrobiologi|total coliform,M 508300,Mikrobiologi,Total Coliform,m = 10 CFU/g,m =,10,CFU/g,m,,,10,,
m 508700|cemaran logam|as,M 508700,Cemaran Logam,As,"Maks. 0,10 ppm",Maks.,0.10,ppm,Maks,,0.1,,,
m 508700|cemaran logam|cd,M 508700,Cemaran Logam,Cd,"Maks. 0,05 ppm",Maks.,0.05,ppm,Maks,,0.05,,,
m 508700|cemaran logam|hg,M 508700,Cemaran Logam,Hg,"Maks. 0,03 ppm",Maks.,0.03,ppm,Maks,,0.03,,,
m 508700|cemaran logam|pb,M 508700,Cemaran Logam,Pb,"Maks. 0,20 ppm",Maks.,0.20,ppm,Maks,,0.2,,,
m 508700|cemaran logam|sn,M 508700,Cemaran Logam,Sn,Maks. 40 ppm,Maks.,40,ppm,Maks,,40,,,
m 508700|kimia|kadar so2,M 508700,Kimia,Kadar SO2,Maks. 10 ppm,Maks.,10,ppm,Maks,,10,,,
m 508700|kimia|residu fosfat (sebagai p),M 508700,Kimia,Residu Fosfat (Sebagai P),Maks. 10 ppm,Maks.,10,ppm,Maks,,10,,,
m 508700|mikrobiologi|alt,M 508700,Mikrobiologi,ALT,m = 105 kol/g,m =,105,kol/g,m,,,100000,,
m 508700|mikrobiologi|bacillus cereus,M 508700,Mikrobiologi,Bacillus cereus,"m = 103 kol/g,",m =,103,kol/g,m,,,1000,,
m 508700|mikrobiologi|e. coli,M 508700,Mikrobiologi,E. coli,m = 7.4 APM/g,m =,7.4,APM/g,m,,,7.4,,
m 508700|mikrobiologi|kapang & khamir,M 508700,Mikrobiologi,Kapang & Khamir,m = 103 kol/g,m =,103,kol/g,m,,,1000,,
m 508700|mikrobiologi|salmonella,M 508700,Mikrobiologi,Salmonella,m = Negatif/25g,m = Negatif/,25,g,m,,,25,,
m 508700|mikrobiologi|total coliform,M 508700,Mikrobiologi,Total Coliform,m = 10 CFU/g,m =,10,CFU/g,m,,,10,,
olein|cemaran logam|as,Olein,Cemaran Logam,As,"Maks.  0,1  ppm",Maks.,0.1,ppm,Maks,,0.1,,,
olein|cemaran logam|cd,Olein,Cemaran Logam,Cd,"Maks.  0,1  ppm",Maks.,0.1,ppm,Maks,,0.1,,,"Konflik di 2026 (2 varian): Maks.  0,1  ppm; Maks.  40  ppm -> dipakai 'Maks.  0,1  ppm'. Cek manual."
olein|cemaran logam|cu,Olein,Cemaran Logam,Cu,"Maks.  0,1  ppm",Maks.,0.1,ppm,Maks,,0.1,,,
olein|cemaran logam|fe,Olein,Cemaran Logam,Fe,"Maks.  1,5  ppm",Maks.,1.5,ppm,Maks,,1.5,,,
olein|cemaran logam|hg,Olein,Cemaran Logam,Hg,"Maks.  0,05  ppm",Maks.,0.05,ppm,Maks,,0.05,,,
olein|cemaran logam|pb,Olein,Cemaran Logam,Pb,Maks.  0.1  ppm,Maks.,0.1,ppm,Maks,,0.1,,,
olein|kimia|bilangan iod,Olein,Kimia,Bilangan  Iod,"Min.  56,5  cg/g",Min.,56.5,cg/g,Min,56.5,,,,
olein|kimia|color lovibon,Olein,Kimia,Color  lovibon,Maks.  3.5  Red,Maks.,3.5,Red,Maks,,3.5,,,
olein|kimia|kadar air & kotoran,Olein,Kimia,Kadar  Air  &  Kotoran,"Maks.  0,08 %",Maks.,0.08,%,Maks,,0.08,,,
olein|kimia|total dioksin,Olein,Kimia,Total Dioksin,"Maks.  2,5 pg/g lemak",Maks.,2.5,pg/g lemak,Maks,,2.5,,,
p 302502|cemaran logam|as,P 302502,Cemaran Logam,As,Maks. 3 ppm,Maks.,3,ppm,Maks,,3,,,
p 302502|cemaran logam|hg,P 302502,Cemaran Logam,Hg,Maks. 1 ppm,Maks.,1,ppm,Maks,,1,,,
p 302502|cemaran logam|pb,P 302502,Cemaran Logam,Pb,Maks. 2 ppm,Maks.,2,ppm,Maks,,2,,,
p 302502|kimia|bahan tidak larut aseton,P 302502,Kimia,Bahan Tidak Larut Aseton,Min. 60%,Min.,60,%,Min,60,,,,
pam|fisik|bau,PAM,Fisik,Bau,Tidak Berbau,,,Tidak Berbau,Kualitatif,,,,,
pam|fisik|suhu,PAM,Fisik,Suhu,Suhu udara ± 3°C,Suhu udara ±,3,°C,Cek,,,,,
pam|fisik|warna,PAM,Fisik,Warna,Maks. 10 TCU,Maks.,10,TCU,Maks,,10,,,
pam|kimia|alt,PAM,Kimia,ALT,Koloni/mL,,,Koloni/mL,Cek,,,,,
pam|kimia|alumunium ( al ),PAM,Kimia,Alumunium  ( Al ),"Maks.  0,2  mg/L",Maks.,0.2,mg/L,Maks,,0.2,,,
pam|kimia|amonia (nh3) (terlarut),PAM,Kimia,Amonia (NH3) (Terlarut),"Maks.  1,5  mg/L",Maks.,1.5,mg/L,Maks,,1.5,,,
pam|kimia|arsen ( as ),PAM,Kimia,Arsen  ( As ),"Maks.  0,01  mg/L",Maks.,0.01,mg/L,Maks,,0.01,,,
pam|kimia|besi ( fe ),PAM,Kimia,Besi  ( Fe ),"Maks.  0,2  mg/L",Maks.,0.2,mg/L,Maks,,0.2,,,
pam|kimia|cadmium ( cd ),PAM,Kimia,Cadmium  ( Cd ),"Maks.  0,003  mg/L",Maks.,0.003,mg/L,Maks,,0.003,,,
pam|kimia|deterjen,PAM,Kimia,Deterjen,-,,,-,Cek,,,,,
pam|kimia|e.coli,PAM,Kimia,E.Coli,CFU/100mL,,,CFU/100mL,Cek,,,,,
pam|kimia|fenol (c6h6o) (c6h5oh),PAM,Kimia,Fenol (C6H6O) (C6H5OH),-,,,-,Cek,,,,,
pam|kimia|fluorida ( f ),PAM,Kimia,Fluorida  ( F ),"Maks.  1,5  mg/L",Maks.,1.5,mg/L,Maks,,1.5,,,
pam|kimia|fosfat (po4),PAM,Kimia,Fosfat (PO4),-,,,-,Cek,,,,,
pam|kimia|hidrogen sulfida (h2s),PAM,Kimia,Hidrogen Sulfida (H2S),"0,05 - 0,1 mg/L",,0.05 - 0.1,mg/L,Range,0.05,0.1,,,
pam|kimia|kekeruhan,PAM,Kimia,Kekeruhan,Maks.  3  NTU,Maks.,3,NTU,Maks,,3,,,
pam|kimia|kromium valensi 6 ( cr6+ ),PAM,Kimia,Kromium  Valensi 6 ( Cr6+ ),"Maks.  0,01  mg/L",Maks.,0.01,mg/L,Maks,,0.01,,,
pam|kimia|mangan ( mn ),PAM,Kimia,Mangan  ( Mn ),"Maks.  0,1  mg/L",Maks.,0.1,mg/L,Maks,,0.1,,,
pam|kimia|methylene blue active substance (mbas),PAM,Kimia,Methylene Blue Active  Substance  (MBAS),-,,,-,Cek,,,,,
pam|kimia|nikel (ni),PAM,Kimia,Nikel (Ni),"Maks.  0,07 mg/L",Maks.,0.07,mg/L,Maks,,0.07,,,
pam|kimia|nitrat ( no3 ),PAM,Kimia,Nitrat  ( NO3 ),Maks.  20  mg/L,Maks.,20,mg/L,Maks,,20,,,
pam|kimia|nitrit ( no2 ),PAM,Kimia,Nitrit  ( NO2 ),Maks.  3  mg/L,Maks.,3,mg/L,Maks,,3,,,
pam|kimia|parameter khusus,PAM,Kimia,Parameter Khusus,,,,,NA,,,,,
pam|kimia|parameter wajib,PAM,Kimia,Parameter Wajib,,,,,NA,,,,,
pam|kimia|ph,PAM,Kimia,pH,"6,5 - 8,5",,6.5 - 8.5,,Range,6.5,8.5,,,
pam|kimia|salmonella sp.,PAM,Kimia,Salmonella sp.,Koloni/100 mL,,,Koloni/100 mL,Cek,,,,,
pam|kimia|selenium ( se ),PAM,Kimia,Selenium  ( Se ),"Maks.  0,01  mg/L",Maks.,0.01,mg/L,Maks,,0.01,,,
pam|kimia|seng ( zn ),PAM,Kimia,Seng  ( Zn ),Maks.  3  mg/L,Maks.,3,mg/L,Maks,,3,,,
pam|kimia|senyawa diazo (zat pewarna sintetik),PAM,Kimia,Senyawa Diazo (zat pewarna sintetik),-,,,-,Cek,,,,,
pam|kimia|sianida ( cn ),PAM,Kimia,Sianida  ( CN ),"Maks.  0,07  mg/L",Maks.,0.07,mg/L,Maks,,0.07,,,
pam|kimia|sisa khlor,PAM,Kimia,Sisa Khlor,"0,2 - 0,5 dengan waktu 30 menit",,0.2 - 0.5,dengan waktu 30 menit,Range,0.2,0.5,,,
pam|kimia|tembaga ( cu ),PAM,Kimia,Tembaga  ( Cu ),Maks.  2  mg/L,Maks.,2,mg/L,Maks,,2,,,
pam|kimia|timbal (pb),PAM,Kimia,Timbal (pb),"Maks. 0,01 mg/L",Maks.,0.01,mg/L,Maks,,0.01,,,
pam|kimia|total coliform,PAM,Kimia,Total  Coliform,CFU/100mL,,,CFU/100mL,Cek,,,,,
pam|kimia|total kromium ( cr ),PAM,Kimia,Total Kromium  ( Cr ),"Maks.  0,05  mg/L",Maks.,0.05,mg/L,Maks,,0.05,,,
pam|kimia|total padatan ( tds ),PAM,Kimia,Total  Padatan  ( TDS ),Maks.  300  mg/L,Maks.,300,mg/L,Maks,,300,,,
pam|kimia|yeast & mould,PAM,Kimia,Yeast & Mould,,,,,NA,,,,,
payung orange|cemaran logam|as,Payung Orange,Cemaran Logam,As,"Maks.  0,5  ppm",Maks.,0.5,ppm,Maks,,0.5,,,
payung orange|cemaran logam|cd,Payung Orange,Cemaran Logam,Cd,"Maks.  0,1  ppm",Maks.,0.1,ppm,Maks,,0.1,,,
payung orange|cemaran logam|hg,Payung Orange,Cemaran Logam,Hg,"Maks.  0,05  ppm",Maks.,0.05,ppm,Maks,,0.05,,,
payung orange|cemaran logam|pb,Payung Orange,Cemaran Logam,Pb,Maks.  1  ppm,Maks.,1,ppm,Maks,,1,,,
payung orange|cemaran logam|sn,Payung Orange,Cemaran Logam,Sn,Maks.  40  ppm,Maks.,40,ppm,Maks,,40,,,
payung orange|fisik|ukuran partikel size,Payung Orange,Fisik,Ukuran Partikel size,Min.  95 %  lolos  ( w/w ),Min.,95,% lolos ( w/w ),Min,95,,,,
payung orange|karakteristik adonan|falling number,Payung Orange,Karakteristik Adonan,Falling  number,Min.  300 detik,Min.,300,detik,Min,300,,,,
payung orange|karakteristik adonan|kadar gluten ( metode glutomatik ),Payung Orange,Karakteristik Adonan,Kadar Gluten ( Metode Glutomatik ),,,,,NA,,,,,
payung orange|karakteristik adonan|kestabilan,Payung Orange,Karakteristik Adonan,Kestabilan,Min.  10 menit,Min.,10,menit,Min,10,,,,
payung orange|karakteristik adonan|water absorption,Payung Orange,Karakteristik Adonan,Water  Absorption,Min.  60 %,Min.,60,%,Min,60,,,,
payung orange|kimia|deoksivalenol,Payung Orange,Kimia,Deoksivalenol,Maks.  1000 ppb,Maks.,1000,ppb,Maks,,1000,,,
payung orange|kimia|ethylene oxide,Payung Orange,Kimia,Ethylene Oxide,"Maks.  0,01 ppm",Maks.,0.01,ppm,Maks,,0.01,,,
payung orange|kimia|ethylene oxide / jumlah total ethylene oxide,Payung Orange,Kimia,Ethylene Oxide / Jumlah Total Ethylene Oxide,"Maks.  0,02 ppm",Maks.,0.02,ppm,Maks,,0.02,,,
payung orange|kimia|fe,Payung Orange,Kimia,Fe,Min.  50 ppm,Min.,50,ppm,Min,50,,,,
payung orange|kimia|folic acid,Payung Orange,Kimia,Folic  Acid,Min.  2 ppm,Min.,2,ppm,Min,2,,,,
payung orange|kimia|kadar protein (db),Payung Orange,Kimia,Kadar  Protein (db),"Min.  13,0 %",Min.,13.0,%,Min,13,,,,
payung orange|kimia|keasamanan,Payung Orange,Kimia,Keasamanan,Maks.  50 mg KOH / 100 g,Maks.,50,mg KOH / 100 g,Maks,,50,,,
payung orange|kimia|okratoksin a,Payung Orange,Kimia,Okratoksin A,Maks.  5 ppb,Maks.,5,ppb,Maks,,5,,,
payung orange|kimia|permentan 53/2018 (gandum),Payung Orange,Kimia,Permentan 53/2018 (gandum),,,,,NA,,,,,
payung orange|kimia|residu pestisida :,Payung Orange,Kimia,Residu  pestisida :,,,,,NA,,,,,
payung orange|kimia|vit b1,Payung Orange,Kimia,Vit  B1,Min.  2.5 ppm,Min.,2.5,ppm,Min,2.5,,,,
payung orange|kimia|vit b2,Payung Orange,Kimia,Vit  B2,Min.  4 ppm,Min.,4,ppm,Min,4,,,,
payung orange|kimia|vit b3,Payung Orange,Kimia,Vit  B3,,,,,NA,,,,,
payung orange|kimia|zn,Payung Orange,Kimia,Zn,Min.  30 ppm,Min.,30,ppm,Min,30,,,,
payung orange|mikrobiologi|alt,Payung Orange,Mikrobiologi,ALT,m = 105  kol/g,m =,105,kol/g,m,,,100000,,
payung orange|mikrobiologi|bacillus cereus,Payung Orange,Mikrobiologi,Bacillus  cereus,m = 103  kol/g,m =,103,kol/g,m,,,1000,,
payung orange|mikrobiologi|escherichia coli,Payung Orange,Mikrobiologi,Escherichia coli,m = 7.4  APM/g,m =,7.4,APM/g,m,,,7.4,,
payung orange|mikrobiologi|kapang & khamir,Payung Orange,Mikrobiologi,Kapang & Khamir,m = 103  kol/g,m =,103,kol/g,m,,,1000,,
payung orange|mikrobiologi|salmonella,Payung Orange,Mikrobiologi,Salmonella,m = negatif/25g,m = negatif/,25,g,m,,,25,,
produksi|fisik|bau,Produksi,Fisik,Bau,Tidak Berbau,,,Tidak Berbau,Kualitatif,,,,,
produksi|fisik|suhu,Produksi,Fisik,Suhu,Suhu udara ± 3°C,Suhu udara ±,3,°C,Cek,,,,,
produksi|fisik|warna,Produksi,Fisik,Warna,Maks. 10 TCU,Maks.,10,TCU,Maks,,10,,,
produksi|kimia|alt,Produksi,Kimia,ALT,Koloni/mL,,,Koloni/mL,Cek,,,,,
produksi|kimia|alumunium ( al ),Produksi,Kimia,Alumunium  ( Al ),"Maks.  0,2  mg/L",Maks.,0.2,mg/L,Maks,,0.2,,,
produksi|kimia|amonia (nh3) (terlarut),Produksi,Kimia,Amonia (NH3) (Terlarut),"Maks.  1,5  mg/L",Maks.,1.5,mg/L,Maks,,1.5,,,
produksi|kimia|arsen ( as ),Produksi,Kimia,Arsen  ( As ),"Maks.  0,01  mg/L",Maks.,0.01,mg/L,Maks,,0.01,,,
produksi|kimia|besi ( fe ),Produksi,Kimia,Besi  ( Fe ),"Maks.  0,2  mg/L",Maks.,0.2,mg/L,Maks,,0.2,,,
produksi|kimia|cadmium ( cd ),Produksi,Kimia,Cadmium  ( Cd ),"Maks.  0,003  mg/L",Maks.,0.003,mg/L,Maks,,0.003,,,
produksi|kimia|deterjen,Produksi,Kimia,Deterjen,-,,,-,Cek,,,,,
produksi|kimia|e.coli,Produksi,Kimia,E.Coli,CFU/100mL,,,CFU/100mL,Cek,,,,,
produksi|kimia|fenol (c6h6o) (c6h5oh),Produksi,Kimia,Fenol (C6H6O) (C6H5OH),-,,,-,Cek,,,,,
produksi|kimia|fluorida ( f ),Produksi,Kimia,Fluorida  ( F ),"Maks.  1,5  mg/L",Maks.,1.5,mg/L,Maks,,1.5,,,
produksi|kimia|fosfat (po4),Produksi,Kimia,Fosfat (PO4),-,,,-,Cek,,,,,
produksi|kimia|hidrogen sulfida (h2s),Produksi,Kimia,Hidrogen Sulfida (H2S),"0,05 - 0,1 mg/L",,0.05 - 0.1,mg/L,Range,0.05,0.1,,,
produksi|kimia|kekeruhan,Produksi,Kimia,Kekeruhan,Maks.  3  NTU,Maks.,3,NTU,Maks,,3,,,
produksi|kimia|kromium valensi 6 ( cr6+ ),Produksi,Kimia,Kromium  Valensi 6 ( Cr6+ ),"Maks.  0,01  mg/L",Maks.,0.01,mg/L,Maks,,0.01,,,
produksi|kimia|mangan ( mn ),Produksi,Kimia,Mangan  ( Mn ),"Maks.  0,1  mg/L",Maks.,0.1,mg/L,Maks,,0.1,,,
produksi|kimia|methylene blue active substance (mbas),Produksi,Kimia,Methylene Blue Active  Substance  (MBAS),-,,,-,Cek,,,,,
produksi|kimia|nikel (ni),Produksi,Kimia,Nikel (Ni),"Maks.  0,07 mg/L",Maks.,0.07,mg/L,Maks,,0.07,,,
produksi|kimia|nitrat ( no3 ),Produksi,Kimia,Nitrat  ( NO3 ),Maks.  20  mg/L,Maks.,20,mg/L,Maks,,20,,,
produksi|kimia|nitrit ( no2 ),Produksi,Kimia,Nitrit  ( NO2 ),Maks.  3  mg/L,Maks.,3,mg/L,Maks,,3,,,
produksi|kimia|parameter khusus,Produksi,Kimia,Parameter Khusus,,,,,NA,,,,,
produksi|kimia|parameter wajib,Produksi,Kimia,Parameter Wajib,,,,,NA,,,,,
produksi|kimia|ph,Produksi,Kimia,pH,"6,5 - 8,5",,6.5 - 8.5,,Range,6.5,8.5,,,
produksi|kimia|salmonella sp.,Produksi,Kimia,Salmonella sp.,Koloni/100 mL,,,Koloni/100 mL,Cek,,,,,
produksi|kimia|selenium ( se ),Produksi,Kimia,Selenium  ( Se ),"Maks.  0,01  mg/L",Maks.,0.01,mg/L,Maks,,0.01,,,
produksi|kimia|seng ( zn ),Produksi,Kimia,Seng  ( Zn ),Maks.  3  mg/L,Maks.,3,mg/L,Maks,,3,,,
produksi|kimia|senyawa diazo (zat pewarna sintetik),Produksi,Kimia,Senyawa Diazo (zat pewarna sintetik),-,,,-,Cek,,,,,
produksi|kimia|sianida ( cn ),Produksi,Kimia,Sianida  ( CN ),"Maks.  0,07  mg/L",Maks.,0.07,mg/L,Maks,,0.07,,,
produksi|kimia|sisa khlor,Produksi,Kimia,Sisa Khlor,"0,2 - 0,5 dengan waktu 30 menit",,0.2 - 0.5,dengan waktu 30 menit,Range,0.2,0.5,,,
produksi|kimia|tembaga ( cu ),Produksi,Kimia,Tembaga  ( Cu ),Maks.  2  mg/L,Maks.,2,mg/L,Maks,,2,,,
produksi|kimia|timbal (pb),Produksi,Kimia,Timbal (pb),"Maks. 0,01 mg/L",Maks.,0.01,mg/L,Maks,,0.01,,,
produksi|kimia|total coliform,Produksi,Kimia,Total  Coliform,CFU/100mL,,,CFU/100mL,Cek,,,,,
produksi|kimia|total kromium ( cr ),Produksi,Kimia,Total Kromium  ( Cr ),"Maks.  0,05  mg/L",Maks.,0.05,mg/L,Maks,,0.05,,,
produksi|kimia|total padatan ( tds ),Produksi,Kimia,Total  Padatan  ( TDS ),Maks.  300  mg/L,Maks.,300,mg/L,Maks,,300,,,
produksi|kimia|yeast & mould,Produksi,Kimia,Yeast & Mould,,,,,NA,,,,,
rbdpo|cemaran logam|as,RBDPO,Cemaran Logam,As,"Maks.  0,1  ppm",Maks.,0.1,ppm,Maks,,0.1,,,
rbdpo|cemaran logam|cd,RBDPO,Cemaran Logam,Cd,"Maks.  0,1  ppm",Maks.,0.1,ppm,Maks,,0.1,,,
rbdpo|cemaran logam|cu,RBDPO,Cemaran Logam,Cu,"Maks.  0,1  ppm",Maks.,0.1,ppm,Maks,,0.1,,,
rbdpo|cemaran logam|fe,RBDPO,Cemaran Logam,Fe,"Maks.  1,5  ppm",Maks.,1.5,ppm,Maks,,1.5,,,
rbdpo|cemaran logam|hg,RBDPO,Cemaran Logam,Hg,"Maks.  0,05  ppm",Maks.,0.05,ppm,Maks,,0.05,,,
rbdpo|cemaran logam|pb,RBDPO,Cemaran Logam,Pb,Maks.  0.1  ppm,Maks.,0.1,ppm,Maks,,0.1,,,
rbdpo|cemaran logam|sn,RBDPO,Cemaran Logam,Sn,Maks.  40  ppm,Maks.,40,ppm,Maks,,40,,,
rbdpo|kimia|bilangan iod,RBDPO,Kimia,Bilangan  Iod,"Min.  50,5  cg/g",Min.,50.5,cg/g,Min,50.5,,,,
rbdpo|kimia|color lovibon,RBDPO,Kimia,Color  lovibon,Maks.  2.8  Red,Maks.,2.8,Red,Maks,,2.8,,,
rbdpo|kimia|kadar air & kotoran,RBDPO,Kimia,Kadar  Air  &  Kotoran,"Maks.  0,08 %",Maks.,0.08,%,Maks,,0.08,,,
rbdpo|kimia|rancimat,RBDPO,Kimia,Rancimat,Min. 10 jam,Min.,10,jam,Min,10,,,,
rbdpo|kimia|total dioksin,RBDPO,Kimia,Total Dioksin,"Maks.  2,5 pg/g lemak",Maks.,2.5,pg/g lemak,Maks,,2.5,,,
segitiga biru|cemaran logam|as,Segitiga Biru,Cemaran Logam,As,"Maks.  0,5  ppm",Maks.,0.5,ppm,Maks,,0.5,,,
segitiga biru|cemaran logam|cd,Segitiga Biru,Cemaran Logam,Cd,"Maks.  0,1  ppm",Maks.,0.1,ppm,Maks,,0.1,,,
segitiga biru|cemaran logam|hg,Segitiga Biru,Cemaran Logam,Hg,"Maks.  0,05  ppm",Maks.,0.05,ppm,Maks,,0.05,,,
segitiga biru|cemaran logam|pb,Segitiga Biru,Cemaran Logam,Pb,Maks.  1  ppm,Maks.,1,ppm,Maks,,1,,,
segitiga biru|cemaran logam|sn,Segitiga Biru,Cemaran Logam,Sn,Maks.  40  ppm,Maks.,40,ppm,Maks,,40,,,
segitiga biru|fisik|ukuran partikel size,Segitiga Biru,Fisik,Ukuran Partikel size,Min.  95 %  lolos  ( w/w ),Min.,95,% lolos ( w/w ),Min,95,,,,
segitiga biru|karakteristik adonan|falling number,Segitiga Biru,Karakteristik Adonan,Falling  number,Min.  300 detik,Min.,300,detik,Min,300,,,,
segitiga biru|karakteristik adonan|kadar gluten ( metode glutomatik ),Segitiga Biru,Karakteristik Adonan,Kadar Gluten ( Metode Glutomatik ),,,,,NA,,,,,
segitiga biru|karakteristik adonan|kestabilan,Segitiga Biru,Karakteristik Adonan,Kestabilan,Min.  10 menit,Min.,10,menit,Min,10,,,,
segitiga biru|karakteristik adonan|water absorption,Segitiga Biru,Karakteristik Adonan,Water  Absorption,Min.  60 %,Min.,60,%,Min,60,,,,
segitiga biru|kimia|deoksivalenol,Segitiga Biru,Kimia,Deoksivalenol,Maks.  1000 ppb,Maks.,1000,ppb,Maks,,1000,,,
segitiga biru|kimia|ethylene oxide,Segitiga Biru,Kimia,Ethylene Oxide,"Maks.  0,01 ppm",Maks.,0.01,ppm,Maks,,0.01,,,
segitiga biru|kimia|ethylene oxide / jumlah total ethylene oxide,Segitiga Biru,Kimia,Ethylene Oxide / Jumlah Total Ethylene Oxide,"Maks.  0,02 ppm",Maks.,0.02,ppm,Maks,,0.02,,,
segitiga biru|kimia|fe,Segitiga Biru,Kimia,Fe,Min.  50 ppm,Min.,50,ppm,Min,50,,,,
segitiga biru|kimia|folic acid,Segitiga Biru,Kimia,Folic  Acid,Min.  2 ppm,Min.,2,ppm,Min,2,,,,
segitiga biru|kimia|kadar protein (db),Segitiga Biru,Kimia,Kadar  Protein (db),"Min.  13,0 %",Min.,13.0,%,Min,13,,,,
segitiga biru|kimia|keasamanan,Segitiga Biru,Kimia,Keasamanan,Maks.  50 mg KOH / 100 g,Maks.,50,mg KOH / 100 g,Maks,,50,,,
segitiga biru|kimia|okratoksin a,Segitiga Biru,Kimia,Okratoksin A,Maks.  5 ppb,Maks.,5,ppb,Maks,,5,,,
segitiga biru|kimia|permentan 53/2018 (gandum),Segitiga Biru,Kimia,Permentan 53/2018 (gandum),,,,,NA,,,,,
segitiga biru|kimia|residu pestisida :,Segitiga Biru,Kimia,Residu  pestisida :,,,,,NA,,,,,
segitiga biru|kimia|vit b1,Segitiga Biru,Kimia,Vit  B1,Min.  2.5 ppm,Min.,2.5,ppm,Min,2.5,,,,
segitiga biru|kimia|vit b2,Segitiga Biru,Kimia,Vit  B2,Min.  4 ppm,Min.,4,ppm,Min,4,,,,
segitiga biru|kimia|vit b3,Segitiga Biru,Kimia,Vit  B3,,,,,NA,,,,,
segitiga biru|kimia|zn,Segitiga Biru,Kimia,Zn,Min.  30 ppm,Min.,30,ppm,Min,30,,,,
segitiga biru|mikrobiologi|alt,Segitiga Biru,Mikrobiologi,ALT,m = 105  kol/g,m =,105,kol/g,m,,,100000,,
segitiga biru|mikrobiologi|bacillus cereus,Segitiga Biru,Mikrobiologi,Bacillus  cereus,m = 103  kol/g,m =,103,kol/g,m,,,1000,,
segitiga biru|mikrobiologi|escherichia coli,Segitiga Biru,Mikrobiologi,Escherichia coli,m = 7.4  APM/g,m =,7.4,APM/g,m,,,7.4,,
segitiga biru|mikrobiologi|kapang & khamir,Segitiga Biru,Mikrobiologi,Kapang & Khamir,m = 103  kol/g,m =,103,kol/g,m,,,1000,,
segitiga biru|mikrobiologi|salmonella,Segitiga Biru,Mikrobiologi,Salmonella,m = negatif/25g,m = negatif/,25,g,m,,,25,,
segitiga hijau|cemaran logam|as,Segitiga Hijau,Cemaran Logam,As,"Maks.  0,5  ppm",Maks.,0.5,ppm,Maks,,0.5,,,
segitiga hijau|cemaran logam|cd,Segitiga Hijau,Cemaran Logam,Cd,"Maks.  0,1  ppm",Maks.,0.1,ppm,Maks,,0.1,,,
segitiga hijau|cemaran logam|hg,Segitiga Hijau,Cemaran Logam,Hg,"Maks.  0,05  ppm",Maks.,0.05,ppm,Maks,,0.05,,,
segitiga hijau|cemaran logam|pb,Segitiga Hijau,Cemaran Logam,Pb,Maks.  1  ppm,Maks.,1,ppm,Maks,,1,,,
segitiga hijau|cemaran logam|sn,Segitiga Hijau,Cemaran Logam,Sn,Maks.  40  ppm,Maks.,40,ppm,Maks,,40,,,
segitiga hijau|fisik|ukuran partikel size,Segitiga Hijau,Fisik,Ukuran Partikel size,Min.  95 %  lolos  ( w/w ),Min.,95,% lolos ( w/w ),Min,95,,,,
segitiga hijau|karakteristik adonan|falling number,Segitiga Hijau,Karakteristik Adonan,Falling  number,Min.  300 detik,Min.,300,detik,Min,300,,,,
segitiga hijau|karakteristik adonan|kadar gluten ( metode glutomatik ),Segitiga Hijau,Karakteristik Adonan,Kadar Gluten ( Metode Glutomatik ),,,,,NA,,,,,
segitiga hijau|karakteristik adonan|kestabilan,Segitiga Hijau,Karakteristik Adonan,Kestabilan,Min.  10 menit,Min.,10,menit,Min,10,,,,
segitiga hijau|karakteristik adonan|water absorption,Segitiga Hijau,Karakteristik Adonan,Water  Absorption,Min.  60 %,Min.,60,%,Min,60,,,,
segitiga hijau|kimia|deoksivalenol,Segitiga Hijau,Kimia,Deoksivalenol,Maks.  1000 ppb,Maks.,1000,ppb,Maks,,1000,,,
segitiga hijau|kimia|ethylene oxide,Segitiga Hijau,Kimia,Ethylene Oxide,"Maks.  0,01 ppm",Maks.,0.01,ppm,Maks,,0.01,,,
segitiga hijau|kimia|ethylene oxide / jumlah total ethylene oxide,Segitiga Hijau,Kimia,Ethylene Oxide / Jumlah Total Ethylene Oxide,"Maks.  0,02 ppm",Maks.,0.02,ppm,Maks,,0.02,,,
segitiga hijau|kimia|fe,Segitiga Hijau,Kimia,Fe,Min.  50 ppm,Min.,50,ppm,Min,50,,,,
segitiga hijau|kimia|folic acid,Segitiga Hijau,Kimia,Folic  Acid,Min.  2 ppm,Min.,2,ppm,Min,2,,,,
segitiga hijau|kimia|kadar protein (db),Segitiga Hijau,Kimia,Kadar  Protein (db),"Min.  13,0 %",Min.,13.0,%,Min,13,,,,
segitiga hijau|kimia|keasamanan,Segitiga Hijau,Kimia,Keasamanan,Maks.  50 mg KOH / 100 g,Maks.,50,mg KOH / 100 g,Maks,,50,,,
segitiga hijau|kimia|okratoksin a,Segitiga Hijau,Kimia,Okratoksin A,Maks.  5 ppb,Maks.,5,ppb,Maks,,5,,,
segitiga hijau|kimia|permentan 53/2018 (gandum),Segitiga Hijau,Kimia,Permentan 53/2018 (gandum),,,,,NA,,,,,
segitiga hijau|kimia|residu pestisida :,Segitiga Hijau,Kimia,Residu  pestisida :,,,,,NA,,,,,
segitiga hijau|kimia|vit b1,Segitiga Hijau,Kimia,Vit  B1,Min.  2.5 ppm,Min.,2.5,ppm,Min,2.5,,,,
segitiga hijau|kimia|vit b2,Segitiga Hijau,Kimia,Vit  B2,Min.  4 ppm,Min.,4,ppm,Min,4,,,,
segitiga hijau|kimia|vit b3,Segitiga Hijau,Kimia,Vit  B3,,,,,NA,,,,,
segitiga hijau|kimia|zn,Segitiga Hijau,Kimia,Zn,Min.  30 ppm,Min.,30,ppm,Min,30,,,,
segitiga hijau|mikrobiologi|alt,Segitiga Hijau,Mikrobiologi,ALT,m = 105  kol/g,m =,105,kol/g,m,,,100000,,
segitiga hijau|mikrobiologi|bacillus cereus,Segitiga Hijau,Mikrobiologi,Bacillus  cereus,m = 103  kol/g,m =,103,kol/g,m,,,1000,,
segitiga hijau|mikrobiologi|escherichia coli,Segitiga Hijau,Mikrobiologi,Escherichia coli,m = 7.4  APM/g,m =,7.4,APM/g,m,,,7.4,,
segitiga hijau|mikrobiologi|kapang & khamir,Segitiga Hijau,Mikrobiologi,Kapang & Khamir,m = 103  kol/g,m =,103,kol/g,m,,,1000,,
segitiga hijau|mikrobiologi|salmonella,Segitiga Hijau,Mikrobiologi,Salmonella,m = negatif/25g,m = negatif/,25,g,m,,,25,,
v 000100|cemaran logam|pb,V 000100,Cemaran Logam,Pb,Maks. 1 ppm,Maks.,1,ppm,Maks,,1,,,
v 000100|kimia|cloride,V 000100,Kimia,Cloride,"Maks. 0,03 %",Maks.,0.03,%,Maks,,0.03,,,
"v 000100|kimia|kemurnian,",V 000100,Kimia,"Kemurnian,","98,0 - 101,0%  (db)",,98.0 - 101.0,% (db),Range,98,101,,,
v 000100|kimia|residu pemijaran (abu sulfat),V 000100,Kimia,Residu pemijaran (Abu Sulfat),"Maks. 0,1 %",Maks.,0.1,%,Maks,,0.1,,,
"v 000100|kimia|residu solvent (etanol) : etanol , cyclohexane",V 000100,Kimia,"Residu Solvent  (Etanol) :  Etanol , Cyclohexane",Maks. 50 ppm,Maks.,50,ppm,Maks,,50,,,
v 000600|cemaran logam|as,V 000600,Cemaran Logam,As,Maks. 3 ppm,Maks.,3,ppm,Maks,,3,,,
v 000600|cemaran logam|cd,V 000600,Cemaran Logam,Cd,Maks. 1 ppm,Maks.,1,ppm,Maks,,1,,,
v 000600|cemaran logam|hg,V 000600,Cemaran Logam,Hg,Maks. 1 ppm,Maks.,1,ppm,Maks,,1,,,
v 000600|cemaran logam|pb,V 000600,Cemaran Logam,Pb,Maks. 2 ppm,Maks.,2,ppm,Maks,,2,,,
v 000600|kimia|kemurnian,V 000600,Kimia,Kemurnian,"Min. 98,0 %",Min.,98.0,%,Min,98,,,,
v 000700|cemaran logam|pb,V 000700,Cemaran Logam,Pb,Maks. 2 ppm,Maks.,2,ppm,Maks,,2,,,
v 000700|kimia|kemurnian,V 000700,Kimia,Kemurnian,"98,0 - 101,0%  (db)",,98.0 - 101.0,% (db),Range,98,101,,,
v 000700|kimia|melting point,V 000700,Kimia,Melting point,128 - 131 °C,,128 - 131,°C,Range,128,131,,,
v 000700|kimia|residu pemijaran (abu sulfat),V 000700,Kimia,Residu pemijaran (Abu Sulfat),"Maks. 0,1 %",Maks.,0.1,%,Maks,,0.1,,,
v 003800|cemaran logam|as,V 003800,Cemaran Logam,As,Maks. 3 ppm,Maks.,3,ppm,Maks,,3,,,
v 003800|cemaran logam|hg,V 003800,Cemaran Logam,Hg,Maks. 1 ppm,Maks.,1,ppm,Maks,,1,,,
v 003800|cemaran logam|pb,V 003800,Cemaran Logam,Pb,Maks. 2 ppm,Maks.,2,ppm,Maks,,2,,,
v 003800|kimia|spesifik gravity,V 003800,Kimia,Spesifik  gravity,"0,93 - 0,95  g/cm3",,0.93 - 0.95,g/cm3,Range,0.93,0.95,,,
